{
	"format_version": "1.12.0",
	"minecraft:geometry": [
		{
			"description": {
				"identifier": "geometry.enemi1",
				"texture_width": 64,
				"texture_height": 64,
				"visible_bounds_width": 2,
				"visible_bounds_height": 2,
				"visible_bounds_offset": [0, 0, 0]
			},
			"bones": [
				{
					"name": "head",
					"pivot": [0, 24, 0],
					"mirror": true,
					"cubes": [
						{"origin": [-4, 24, -4], "size": [8, 8, 8], "uv": [0, 0]},
						{"origin": [-5, 27, -2], "size": [1, 1, 4], "uv": [2, 23], "mirror": false},
						{"origin": [11, 27, -2], "size": [1, 1, 4], "pivot": [8, 31, 0], "rotation": [0, 180, 0], "uv": [2, 23], "mirror": false},
						{"origin": [-6, 28, -2], "size": [1, 1, 4], "uv": [2, 23], "mirror": false},
						{"origin": [10, 28, -2], "size": [1, 1, 4], "pivot": [8, 31, 0], "rotation": [0, 180, 0], "uv": [2, 23], "mirror": false},
						{"origin": [-7, 29, -2], "size": [1, 1, 4], "uv": [2, 23], "mirror": false},
						{"origin": [9, 29, -2], "size": [1, 1, 4], "pivot": [8, 31, 0], "rotation": [0, 180, 0], "uv": [2, 23], "mirror": false},
						{"origin": [-8, 30, -2], "size": [1, 1, 4], "uv": [2, 23], "mirror": false},
						{"origin": [8, 30, -2], "size": [1, 1, 4], "pivot": [8, 31, 0], "rotation": [0, 180, 0], "uv": [2, 23], "mirror": false},
						{"origin": [-9, 31, -2], "size": [1, 1, 4], "uv": [2, 23], "mirror": false},
						{"origin": [-8, 32, -2], "size": [16, 1, 4], "uv": [8, 59], "mirror": false},
						{"origin": [-5, 33, -2], "size": [10, 1, 4], "uv": [2, 23], "mirror": false},
						{"origin": [-3, 34, -2], "size": [6, 1, 4], "uv": [2, 23], "mirror": false},
						{"origin": [-3, 32, 1], "size": [6, 1, 4], "uv": [2, 23], "mirror": false},
						{"origin": [-3, 25, 4], "size": [6, 7, 2], "uv": [2, 23], "mirror": false},
						{"origin": [-1, 35, -2], "size": [2, 1, 4], "uv": [2, 23], "mirror": false},
						{"origin": [7, 31, -2], "size": [1, 1, 4], "pivot": [8, 31, 0], "rotation": [0, 180, 0], "uv": [2, 23], "mirror": false}
					]
				},
				{
					"name": "body",
					"pivot": [0, 24, 0],
					"mirror": true,
					"cubes": [
						{"origin": [-4, 12, -2], "size": [8, 12, 4], "uv": [16, 16]},
						{"origin": [-4, 11, 2], "size": [8, 13, 2], "uv": [27, 49]}
					]
				},
				{
					"name": "leftArm",
					"pivot": [-5, 22, 0],
					"mirror": true,
					"cubes": [
						{"origin": [-8, 12, -2], "size": [4, 12, 4], "uv": [40, 16], "mirror": false},
						{"origin": [-8, 11, -2], "size": [1, 1, 4], "uv": [40, 16], "mirror": false},
						{"origin": [-6, 11, -2], "size": [1, 1, 4], "uv": [40, 16], "mirror": false}
					]
				},
				{
					"name": "rightArm",
					"pivot": [5, 22, 0],
					"mirror": true,
					"cubes": [
						{"origin": [4, 12, -2], "size": [4, 12, 4], "uv": [40, 16]},
						{"origin": [7, 11, -2], "size": [1, 1, 4], "uv": [40, 16], "mirror": false},
						{"origin": [5, 11, -2], "size": [1, 1, 4], "uv": [40, 16], "mirror": false}
					]
				},
				{
					"name": "leftLeg",
					"pivot": [-1.9, 12, 0],
					"mirror": true,
					"cubes": [
						{"origin": [-3.9, 0, -2], "size": [4, 12, 4], "uv": [0, 16], "mirror": false}
					]
				},
				{
					"name": "rightLeg",
					"pivot": [1.9, 12, 0],
					"mirror": true,
					"cubes": [
						{"origin": [-0.1, 0, -2], "size": [4, 12, 4], "uv": [0, 16]}
					]
				},
				{
					"name": "head",
					"pivot": [0, 24, 0],
					"mirror": true,
					"cubes": [
						{"origin": [-4, 24, -4], "size": [8, 8, 8], "uv": [0, 0]}
					]
				},
				{
					"name": "body",
					"pivot": [0, 24, 0],
					"mirror": true,
					"cubes": [
						{"origin": [-4, 12, -2], "size": [8, 12, 4], "uv": [16, 16]}
					]
				},
				{
					"name": "leftArm",
					"pivot": [-5, 22, 0],
					"mirror": true,
					"cubes": [
						{"origin": [-8, 12, -2], "size": [4, 12, 4], "uv": [40, 16], "mirror": false}
					]
				},
				{
					"name": "rightArm",
					"pivot": [5, 22, 0],
					"mirror": true,
					"cubes": [
						{"origin": [4, 12, -2], "size": [4, 12, 4], "uv": [40, 16]}
					]
				},
				{
					"name": "leftLeg",
					"pivot": [-1.9, 12, 0],
					"mirror": true,
					"cubes": [
						{"origin": [-3.9, 0, -2], "size": [4, 12, 4], "uv": [0, 16], "mirror": false}
					]
				},
				{
					"name": "rightLeg",
					"pivot": [1.9, 12, 0],
					"mirror": true,
					"cubes": [
						{"origin": [-0.1, 0, -2], "size": [4, 12, 4], "uv": [0, 16]}
					]
				}
			]
		}
	]
}