{
	"format_version": "1.12.0",
	"minecraft:geometry": [
		{
			"description": {
				"identifier": "geometry.enemi3",
				"texture_width": 128,
				"texture_height": 128,
				"visible_bounds_width": 3,
				"visible_bounds_height": 3,
				"visible_bounds_offset": [0, 0, 0]
			},
			"bones": [
				{
					"name": "head",
					"pivot": [0, 24, 0],
					"mirror": true,
					"cubes": [
						{"origin": [-4, 24, -4], "size": [8, 8, 8], "uv": [96, 0]},
						{"origin": [4, 26, -2], "size": [1, 4, 4], "uv": [65, 0], "mirror": false},
						{"origin": [5, 27, -1], "size": [1, 2, 2], "uv": [50, 0], "mirror": false},
						{"origin": [-7, 29, -1], "size": [1, 2, 2], "uv": [122, 24], "mirror": false},
						{"origin": [6, 29, -1], "size": [1, 2, 2], "uv": [122, 24]},
						{"origin": [-7, 31, -1], "size": [1, 2, 2], "pivot": [-7, 31, 2], "rotation": [0, 0, 25], "uv": [122, 24], "mirror": false},
						{"origin": [-6.15476, 32.81262, -1], "size": [1, 2, 2], "pivot": [-6.15476, 32.81262, 2], "rotation": [0, 0, 45], "uv": [122, 24], "mirror": false},
						{"origin": [5.15476, 32.81262, -1], "size": [1, 2, 2], "pivot": [6.15476, 32.81262, 2], "rotation": [0, 0, -45], "uv": [122, 24]},
						{"origin": [6, 31, -1], "size": [1, 2, 2], "pivot": [7, 31, 2], "rotation": [0, 0, -25], "uv": [122, 24]},
						{"origin": [-6, 27, -1], "size": [1, 2, 2], "uv": [50, 0], "mirror": false},
						{"origin": [-5, 26, -2], "size": [1, 4, 4], "uv": [65, 0], "mirror": false},
						{"origin": [-3, 32, -3], "size": [2, 2, 1], "uv": [96, 0], "mirror": false},
						{"origin": [1, 32, -3], "size": [2, 2, 1], "uv": [96, 0], "mirror": false},
						{"origin": [-3, 34, -3], "size": [2, 2, 1], "pivot": [-2, 34, -3], "rotation": [-20, 0, 0], "uv": [96, 0], "mirror": false},
						{"origin": [1, 34, -3], "size": [2, 2, 1], "pivot": [2, 34, -3], "rotation": [-20, 0, 0], "uv": [96, 0], "mirror": false},
						{"origin": [-3, 35.87939, -2.31596], "size": [2, 2, 1], "pivot": [-2, 35.87939, -2.31596], "rotation": [-40, 0, 0], "uv": [96, 0], "mirror": false},
						{"origin": [1, 35.87939, -2.31596], "size": [2, 2, 1], "pivot": [2, 35.87939, -2.31596], "rotation": [-40, 0, 0], "uv": [96, 0], "mirror": false}
					]
				},
				{
					"name": "body",
					"pivot": [0, 24, 0],
					"mirror": true,
					"cubes": [
						{"origin": [-4, 12, -2], "size": [8, 12, 4], "uv": [92, 19]}
					]
				},
				{
					"name": "wingder",
					"parent": "body",
					"pivot": [0, 21, 4],
					"cubes": [
						{"origin": [0, 22, 2], "size": [2, 1, 1], "uv": [122, 126], "mirror": true},
						{"origin": [2, 23, 2], "size": [3, 1, 1], "uv": [122, 126], "mirror": true},
						{"origin": [0, 20, 2], "size": [4, 1, 1], "uv": [122, 126], "mirror": true},
						{"origin": [4, 19, 2], "size": [2, 1, 1], "uv": [122, 126], "mirror": true},
						{"origin": [6, 18, 2], "size": [2, 1, 1], "uv": [122, 126], "mirror": true},
						{"origin": [8, 15, 2], "size": [1, 3, 1], "uv": [122, 126], "mirror": true},
						{"origin": [9, 14, 2], "size": [1, 1, 1], "uv": [122, 126], "mirror": true},
						{"origin": [10, 11, 2], "size": [1, 3, 1], "uv": [122, 126], "mirror": true},
						{"origin": [11, 10, 2], "size": [1, 1, 1], "uv": [122, 126], "mirror": true},
						{"origin": [12, 11, 2], "size": [1, 3, 1], "uv": [122, 126], "mirror": true},
						{"origin": [13, 14, 2], "size": [1, 1, 1], "uv": [122, 126], "mirror": true},
						{"origin": [12, 15, 2], "size": [1, 1, 1], "uv": [122, 105], "mirror": true},
						{"origin": [11, 16, 2], "size": [1, 2, 1], "uv": [122, 105], "mirror": true},
						{"origin": [10, 18, 2], "size": [1, 2, 1], "uv": [122, 105], "mirror": true},
						{"origin": [9, 20, 2], "size": [1, 2, 1], "uv": [122, 105], "mirror": true},
						{"origin": [7, 21, 2], "size": [1, 1, 1], "uv": [122, 105], "mirror": true},
						{"origin": [6, 22, 2], "size": [1, 1, 1], "uv": [122, 105], "mirror": true},
						{"origin": [4, 21, 2], "size": [2, 1, 1], "uv": [122, 105], "mirror": true},
						{"origin": [8, 22, 2], "size": [1, 2, 1], "uv": [122, 105], "mirror": true},
						{"origin": [14, 15, 2], "size": [1, 3, 1], "uv": [122, 126], "mirror": true},
						{"origin": [13, 18, 2], "size": [1, 1, 1], "uv": [122, 126], "mirror": true},
						{"origin": [12, 19, 2], "size": [1, 3, 1], "uv": [122, 126], "mirror": true},
						{"origin": [11, 22, 2], "size": [1, 3, 1], "uv": [122, 126], "mirror": true},
						{"origin": [10, 25, 2], "size": [1, 1, 1], "uv": [122, 126], "mirror": true},
						{"origin": [8, 26, 2], "size": [2, 1, 1], "uv": [122, 126], "mirror": true},
						{"origin": [7, 25, 2], "size": [1, 1, 1], "uv": [122, 126], "mirror": true},
						{"origin": [5, 24, 2], "size": [2, 1, 1], "uv": [122, 126], "mirror": true}
					]
				},
				{
					"name": "wingiz",
					"parent": "body",
					"pivot": [0, 21, 4],
					"cubes": [
						{"origin": [-5, 23, 2], "size": [3, 1, 1], "uv": [120, 114]},
						{"origin": [-7, 24, 2], "size": [2, 1, 1], "uv": [120, 114]},
						{"origin": [-8, 25, 2], "size": [1, 1, 1], "uv": [120, 114]},
						{"origin": [-10, 26, 2], "size": [2, 1, 1], "uv": [120, 114]},
						{"origin": [-11, 25, 2], "size": [1, 1, 1], "uv": [120, 114]},
						{"origin": [-12, 22, 2], "size": [1, 3, 1], "uv": [120, 114]},
						{"origin": [-13, 19, 2], "size": [1, 3, 1], "uv": [120, 114]},
						{"origin": [-14, 18, 2], "size": [1, 1, 1], "uv": [120, 114]},
						{"origin": [-15, 15, 2], "size": [1, 3, 1], "uv": [120, 114]},
						{"origin": [-14, 14, 2], "size": [1, 1, 1], "uv": [120, 114]},
						{"origin": [-13, 11, 2], "size": [1, 3, 1], "uv": [120, 114]},
						{"origin": [-12, 10, 2], "size": [1, 1, 1], "uv": [120, 114]},
						{"origin": [-11, 11, 2], "size": [1, 3, 1], "uv": [120, 114]},
						{"origin": [-10, 14, 2], "size": [1, 1, 1], "uv": [120, 114]},
						{"origin": [-9, 15, 2], "size": [1, 3, 1], "uv": [120, 114]},
						{"origin": [-8, 18, 2], "size": [2, 1, 1], "uv": [120, 114]},
						{"origin": [-6, 19, 2], "size": [2, 1, 1], "uv": [120, 114]},
						{"origin": [-4, 20, 2], "size": [4, 1, 1], "uv": [120, 114]},
						{"origin": [-2, 22, 2], "size": [2, 1, 1], "uv": [120, 114]},
						{"origin": [-6, 21, 2], "size": [2, 1, 1], "uv": [122, 105]},
						{"origin": [-7, 22, 2], "size": [1, 1, 1], "uv": [122, 105]},
						{"origin": [-8, 21, 2], "size": [1, 1, 1], "uv": [122, 105]},
						{"origin": [-9, 22, 2], "size": [1, 2, 1], "uv": [122, 105]},
						{"origin": [-10, 20, 2], "size": [1, 2, 1], "uv": [122, 105]},
						{"origin": [-11, 18, 2], "size": [1, 2, 1], "uv": [122, 105]},
						{"origin": [-12, 16, 2], "size": [1, 2, 1], "uv": [122, 105]},
						{"origin": [-13, 15, 2], "size": [1, 1, 1], "uv": [122, 105]}
					]
				},
				{
					"name": "leftArm",
					"pivot": [-5, 22, 0],
					"mirror": true,
					"cubes": [
						{"origin": [-8, 12, -2], "size": [4, 12, 4], "uv": [112, 38], "mirror": false},
						{"origin": [-5, 11, -2], "size": [1, 1, 1], "uv": [86, 0], "mirror": false},
						{"origin": [-8, 11, -2], "size": [1, 1, 1], "uv": [86, 0], "mirror": false},
						{"origin": [-8, 11, 1], "size": [1, 1, 1], "uv": [86, 0], "mirror": false},
						{"origin": [-5, 11, 1], "size": [1, 1, 1], "uv": [86, 0], "mirror": false}
					]
				},
				{
					"name": "rightArm",
					"pivot": [5, 22, 0],
					"mirror": true,
					"cubes": [
						{"origin": [4, 12, -2], "size": [4, 12, 4], "uv": [112, 38]},
						{"origin": [7, 11, -2], "size": [1, 1, 1], "uv": [86, 0]},
						{"origin": [7, 11, 1], "size": [1, 1, 1], "uv": [86, 0]},
						{"origin": [4, 11, 1], "size": [1, 1, 1], "uv": [86, 0]},
						{"origin": [4, 11, -2], "size": [1, 1, 1], "uv": [86, 0]}
					]
				},
				{
					"name": "leftLeg",
					"pivot": [-1.9, 12, 0],
					"mirror": true,
					"cubes": [
						{"origin": [-3.9, 0, -2], "size": [4, 12, 4], "uv": [112, 58], "mirror": false}
					]
				},
				{
					"name": "rightLeg",
					"pivot": [1.9, 12, 0],
					"mirror": true,
					"cubes": [
						{"origin": [-0.1, 0, -2], "size": [4, 12, 4], "uv": [112, 58]}
					]
				}
			]
		}
	]
}