{
  "format_version": "1.10",
  "minecraft:entity": {
    "description": {
      "identifier": "minecraft:player",
      "is_spawnable": false,
      "is_summonable": false,
      "is_experimental": false,
      "scripts": {
        "animate": [
          "walk",
          "item:morphblaster",
          "item:blaster",
          "item:cannon",
          "silver:scarb",
          "red:cheetah",
          "blue:gorilla",
          "yellow:rabbit",
          "gold:mantis",
          "red:furymode"
        ]
      },
      "animations": {
        "walk": "controller.animation.walk",
        "item:morphblaster": "controller.animation.item_morphblaster",
        "item:blaster": "controller.animation.item_blaster",
        "item:cannon": "controller.animation.item_cannon",
        "silver:scarb": "controller.animation.silver_scarb",
        "red:cheetah": "controller.animation.red_cheetah",
        "blue:gorilla": "controller.animation.blue_gorilla",
        "yellow:rabbit": "controller.animation.yellow_rabbit",
        "gold:mantis": "controller.animation.gold_mantis",
        "red:furymode": "controller.animation.red_furymode"
      }
    },
    "component_groups": {
      "pamobile:respawn": {
        "minecraft:mark_variant": {
          "value": 99999
        },
        "minecraft:health": {
          "value": 20,
          "max": 20
        },
        "minecraft:movement": {
          "value": 0.1
        },
        "minecraft:attack": {
          "damage": 1
        },
        "minecraft:spell_effects": {
          "remove_effects": [
            "night_vision",
            "resistance",
            "strength",
            "jump_boost"
          ]
        }
      },
      "ammo:1": {
        "minecraft:mark_variant": {
          "value": 1
        }
      },
      "item:sword": {
        "minecraft:health": {
          "value": 20,
          "max": 20
        },
        "minecraft:movement": {
          "value": 0.1
        },
        "minecraft:attack": {
          "damage": 10
        },
        "minecraft:spell_effects": {
          "add_effects": []
        }
      },
      "red:cheetahclaw": {
        "minecraft:health": {
          "value": 20,
          "max": 20
        },
        "minecraft:movement": {
          "value": 0.1
        },
        "minecraft:attack": {
          "damage": 16
        },
        "minecraft:spell_effects": {
          "add_effects": []
        }
      },
      "item:saber": {
        "minecraft:health": {
          "value": 20,
          "max": 20
        },
        "minecraft:movement": {
          "value": 0.1
        },
        "minecraft:attack": {
          "damage": 10
        },
        "minecraft:spell_effects": {
          "add_effects": []
        }
      },
      "item:morphblaster_fire": {
        "minecraft:spawn_entity": [
          {
            "min_wait_time": 0,
            "max_wait_time": 0,
            "single_use": true,
            "spawn_entity": "item:morphblaster",
            "num_to_spawn": 1
          }
        ]
      },
      "item:blaster_fire": {
        "minecraft:spawn_entity": [
          {
            "min_wait_time": 0,
            "max_wait_time": 0,
            "single_use": true,
            "spawn_entity": "item:blaster",
            "num_to_spawn": 1
          }
        ]
      },
      "item:cannon_fire": {
        "minecraft:spawn_entity": [
          {
            "min_wait_time": 0,
            "max_wait_time": 0,
            "single_use": true,
            "spawn_entity": "item:cannon",
            "num_to_spawn": 1
          }
        ]
      },
      "silver:scarb_event_hold": {
        "minecraft:is_chested": {}
      },
      "silver:scarb_event_play": {
        "minecraft:health": {
          "value": 40,
          "max": 40
        },
        "minecraft:movement": {
          "value": 0.1
        },
        "minecraft:spell_effects": {
          "add_effects": [
            {
              "effect": "night_vision",
              "duration": 60000,
              "amplifier": 33,
              "display_on_screen_animation": false
            },
            {
              "effect": "resistance",
              "duration": 60000,
              "amplifier": 3,
              "display_on_screen_animation": false
            }
          ]
        }
      },
      "red:cheetah_event_hold": {
        "minecraft:is_chested": {}
      },
      "red:cheetah_event_play": {
        "minecraft:health": {
          "value": 40,
          "max": 40
        },
        "minecraft:movement": {
          "value": 0.2
        },
        "minecraft:spell_effects": {
          "add_effects": [
            {
              "effect": "night_vision",
              "duration": 60000,
              "amplifier": 5,
              "display_on_screen_animation": false
            }
          ]
        }
      },
      "blue:gorilla_event_hold": {
        "minecraft:is_chested": {}
      },
      "blue:gorilla_event_play": {
        "minecraft:health": {
          "value": 40,
          "max": 40
        },
        "minecraft:movement": {
          "value": 0.1
        },
        "minecraft:spell_effects": {
          "add_effects": [
            {
              "effect": "night_vision",
              "duration": 60000,
              "amplifier": 5,
              "display_on_screen_animation": false
            },
            {
              "effect": "strength",
              "duration": 60000,
              "amplifier": 2,
              "display_on_screen_animation": false
            }
          ]
        }
      },
      "yellow:rabbit_event_hold": {
        "minecraft:is_chested": {}
      },
      "yellow:rabbit_event_play": {
        "minecraft:health": {
          "value": 40,
          "max": 40
        },
        "minecraft:movement": {
          "value": 0.1
        },
        "minecraft:spell_effects": {
          "add_effects": [
            {
              "effect": "jump_boost",
              "duration": 60000,
              "amplifier": 3,
              "display_on_screen_animation": false
            },
            {
              "effect": "night_vision",
              "duration": 60000,
              "amplifier": 5,
              "display_on_screen_animation": false
            }
          ]
        }
      },
      "gold:mantis_event_hold": {
        "minecraft:is_chested": {}
      },
      "gold:mantis_event_play": {
        "minecraft:health": {
          "value": 40,
          "max": 40
        },
        "minecraft:movement": {
          "value": 0.1
        },
        "minecraft:spell_effects": {
          "add_effects": [
            {
              "effect": "night_vision",
              "duration": 60000,
              "amplifier": 33,
              "display_on_screen_animation": false
            },
            {
              "effect": "resistance",
              "duration": 60000,
              "amplifier": 3,
              "display_on_screen_animation": false
            }
          ]
        }
      },
      "red:furymode_event_hold": {
        "minecraft:is_chested": {}
      },
      "red:furymode_event_play": {
        "minecraft:health": {
          "value": 44,
          "max": 44
        },
        "minecraft:movement": {
          "value": 0.3
        },
        "minecraft:spell_effects": {
          "add_effects": [
            {
              "effect": "night_vision",
              "duration": 60000,
              "amplifier": 5,
              "display_on_screen_animation": false
            },
            {
              "effect": "strength",
              "duration": 60000,
              "amplifier": 3,
              "display_on_screen_animation": false
            }
          ]
        }
      }
    },
    "components": {
      "minecraft:type_family": {
        "family": [
          "player"
        ]
      },
      "minecraft:loot": {
        "table": "loot_tables/empty.json"
      },
      "minecraft:collision_box": {
        "width": 0.6,
        "height": 1.8
      },
      "minecraft:can_climb": {},
      "minecraft:movement": {
        "value": 0.1
      },
      "minecraft:environment_sensor": [
        {
          "on_environment": {
            "filters": {
              "any_of": [
                {
                  "test": "is_family",
                  "subject": "self",
                  "value": "player"
                }
              ]
            },
            "event": "pamobile:refresh_player"
          }
        },
        {
          "on_environment": {
            "filters": {
              "all_of": [
                {
                  "test": "has_equipment",
                  "subject": "self",
                  "domain": "hand",
                  "value": "item:sword"
                }
              ]
            },
            "event": "item:sword_event"
          }
        },
        {
          "on_environment": {
            "filters": {
              "all_of": [
                {
                  "test": "has_equipment",
                  "subject": "self",
                  "domain": "hand",
                  "value": "red:cheetahclaw"
                }
              ]
            },
            "event": "red:cheetahclaw_event"
          }
        },
        {
          "on_environment": {
            "filters": {
              "all_of": [
                {
                  "test": "has_equipment",
                  "subject": "self",
                  "domain": "hand",
                  "value": "item:saber"
                }
              ]
            },
            "event": "item:saber_event"
          }
        },
        {
          "on_environment": {
            "filters": {
              "all_of": [
                {
                  "test": "has_equipment",
                  "subject": "self",
                  "domain": "hand",
                  "value": "item:morphblaster"
                },
                {
                  "test": "is_family",
                  "subject": "self",
                  "value": "player"
                }
              ]
            },
            "event": "ammo:1"
          }
        },
        {
          "on_environment": {
            "filters": {
              "all_of": [
                {
                  "test": "has_equipment",
                  "subject": "self",
                  "domain": "hand",
                  "value": "item:blaster"
                },
                {
                  "test": "is_family",
                  "subject": "self",
                  "value": "player"
                }
              ]
            },
            "event": "ammo:1"
          }
        },
        {
          "on_environment": {
            "filters": {
              "all_of": [
                {
                  "test": "has_equipment",
                  "subject": "self",
                  "domain": "hand",
                  "value": "item:cannon"
                },
                {
                  "test": "is_family",
                  "subject": "self",
                  "value": "player"
                }
              ]
            },
            "event": "ammo:1"
          }
        },
        {
          "on_environment": {
            "filters": {
              "all_of": [
                {
                  "test": "has_equipment",
                  "subject": "self",
                  "domain": "hand",
                  "value": "silver:scarb"
                }
              ]
            },
            "event": "silver:scarb_event_hold"
          }
        },
        {
          "on_environment": {
            "filters": {
              "all_of": [
                {
                  "test": "has_equipment",
                  "subject": "self",
                  "domain": "head",
                  "value": "silver:scarb"
                }
              ]
            },
            "event": "silver:scarb_event_play"
          }
        },
        {
          "on_environment": {
            "filters": {
              "all_of": [
                {
                  "test": "has_equipment",
                  "subject": "self",
                  "domain": "hand",
                  "value": "red:cheetah"
                }
              ]
            },
            "event": "red:cheetah_event_hold"
          }
        },
        {
          "on_environment": {
            "filters": {
              "all_of": [
                {
                  "test": "has_equipment",
                  "subject": "self",
                  "domain": "head",
                  "value": "red:cheetah"
                }
              ]
            },
            "event": "red:cheetah_event_play"
          }
        },
        {
          "on_environment": {
            "filters": {
              "all_of": [
                {
                  "test": "has_equipment",
                  "subject": "self",
                  "domain": "hand",
                  "value": "blue:gorilla"
                }
              ]
            },
            "event": "blue:gorilla_event_hold"
          }
        },
        {
          "on_environment": {
            "filters": {
              "all_of": [
                {
                  "test": "has_equipment",
                  "subject": "self",
                  "domain": "head",
                  "value": "blue:gorilla"
                }
              ]
            },
            "event": "blue:gorilla_event_play"
          }
        },
        {
          "on_environment": {
            "filters": {
              "all_of": [
                {
                  "test": "has_equipment",
                  "subject": "self",
                  "domain": "hand",
                  "value": "yellow:rabbit"
                }
              ]
            },
            "event": "yellow:rabbit_event_hold"
          }
        },
        {
          "on_environment": {
            "filters": {
              "all_of": [
                {
                  "test": "has_equipment",
                  "subject": "self",
                  "domain": "head",
                  "value": "yellow:rabbit"
                }
              ]
            },
            "event": "yellow:rabbit_event_play"
          }
        },
        {
          "on_environment": {
            "filters": {
              "all_of": [
                {
                  "test": "has_equipment",
                  "subject": "self",
                  "domain": "hand",
                  "value": "gold:mantis"
                }
              ]
            },
            "event": "gold:mantis_event_hold"
          }
        },
        {
          "on_environment": {
            "filters": {
              "all_of": [
                {
                  "test": "has_equipment",
                  "subject": "self",
                  "domain": "head",
                  "value": "gold:mantis"
                }
              ]
            },
            "event": "gold:mantis_event_play"
          }
        },
        {
          "on_environment": {
            "filters": {
              "all_of": [
                {
                  "test": "has_equipment",
                  "subject": "self",
                  "domain": "hand",
                  "value": "red:furymode"
                }
              ]
            },
            "event": "red:furymode_event_hold"
          }
        },
        {
          "on_environment": {
            "filters": {
              "all_of": [
                {
                  "test": "has_equipment",
                  "subject": "self",
                  "domain": "head",
                  "value": "red:furymode"
                }
              ]
            },
            "event": "red:furymode_event_play"
          }
        }
      ],
      "minecraft:player.saturation": {
        "value": 20
      },
      "minecraft:player.exhaustion": {
        "value": 0,
        "max": 4
      },
      "minecraft:player.level": {
        "value": 0,
        "max": 24791
      },
      "minecraft:player.experience": {
        "value": 0,
        "max": 1
      },
      "minecraft:breathable": {
        "totalSupply": 15,
        "suffocateTime": -1,
        "inhaleTime": 3.75,
        "generatesBubbles": false
      },
      "minecraft:nameable": {
        "alwaysShow": true,
        "allowNameTagRenaming": false
      },
      "minecraft:physics": {},
      "minecraft:insomnia": {
        "days_until_insomnia": 3
      },
      "minecraft:rideable": {
        "seat_count": 2,
        "family_types": [
          "parrot_tame"
        ],
        "pull_in_entities": true,
        "seats": [
          {
            "position": [
              0.4,
              -0.15,
              0.04
            ],
            "min_rider_count": 0,
            "max_rider_count": 0,
            "lock_rider_rotation": 0
          },
          {
            "position": [
              -0.4,
              -0.15,
              0.04
            ],
            "min_rider_count": 1,
            "max_rider_count": 2,
            "lock_rider_rotation": 0
          }
        ]
      },
      "minecraft:scaffolding_climber": {}
    },
    "events": {
      "pamobile:refresh_player": {
        "add": {
          "component_groups": [
            "pamobile:respawn"
          ]
        },
        "remove": {
          "component_groups": [
            "item:sword",
            "red:cheetahclaw",
            "item:saber",
            "silver:scarb_event_hold",
            "silver:scarb_event_play",
            "red:cheetah_event_hold",
            "red:cheetah_event_play",
            "blue:gorilla_event_hold",
            "blue:gorilla_event_play",
            "yellow:rabbit_event_hold",
            "yellow:rabbit_event_play",
            "gold:mantis_event_hold",
            "gold:mantis_event_play",
            "red:furymode_event_hold",
            "red:furymode_event_play"
          ]
        }
      },
      "minecraft:entity_spawned": {
        "add": {
          "component_groups": [
            "pamobile:respawn"
          ]
        },
        "remove": {}
      },
      "ammo:1": {
        "remove": {
          "component_groups": [
            "ammo:1"
          ]
        },
        "add": {
          "component_groups": [
            "ammo:1"
          ]
        }
      },
      "ammo:2": {
        "remove": {
          "component_groups": [
            "ammo:2"
          ]
        },
        "add": {
          "component_groups": [
            "ammo:2"
          ]
        }
      },
      "item:sword_event": {
        "add": {
          "component_groups": [
            "item:sword"
          ]
        }
      },
      "red:cheetahclaw_event": {
        "add": {
          "component_groups": [
            "red:cheetahclaw"
          ]
        }
      },
      "item:saber_event": {
        "add": {
          "component_groups": [
            "item:saber"
          ]
        }
      },
      "item:morphblaster_fire": {
        "add": {
          "component_groups": [
            "item:morphblaster_fire"
          ]
        }
      },
      "item:blaster_fire": {
        "add": {
          "component_groups": [
            "item:blaster_fire"
          ]
        }
      },
      "item:cannon_fire": {
        "add": {
          "component_groups": [
            "item:cannon_fire"
          ]
        }
      },
      "silver:scarb_event_hold": {
        "add": {
          "component_groups": [
            "silver:scarb_event_hold"
          ]
        }
      },
      "silver:scarb_event_play": {
        "add": {
          "component_groups": [
            "silver:scarb_event_play"
          ]
        }
      },
      "red:cheetah_event_hold": {
        "add": {
          "component_groups": [
            "red:cheetah_event_hold"
          ]
        }
      },
      "red:cheetah_event_play": {
        "add": {
          "component_groups": [
            "red:cheetah_event_play"
          ]
        }
      },
      "blue:gorilla_event_hold": {
        "add": {
          "component_groups": [
            "blue:gorilla_event_hold"
          ]
        }
      },
      "blue:gorilla_event_play": {
        "add": {
          "component_groups": [
            "blue:gorilla_event_play"
          ]
        }
      },
      "yellow:rabbit_event_hold": {
        "add": {
          "component_groups": [
            "yellow:rabbit_event_hold"
          ]
        }
      },
      "yellow:rabbit_event_play": {
        "add": {
          "component_groups": [
            "yellow:rabbit_event_play"
          ]
        }
      },
      "gold:mantis_event_hold": {
        "add": {
          "component_groups": [
            "gold:mantis_event_hold"
          ]
        }
      },
      "gold:mantis_event_play": {
        "add": {
          "component_groups": [
            "gold:mantis_event_play"
          ]
        }
      },
      "red:furymode_event_hold": {
        "add": {
          "component_groups": [
            "red:furymode_event_hold"
          ]
        }
      },
      "red:furymode_event_play": {
        "add": {
          "component_groups": [
            "red:furymode_event_play"
          ]
        }
      }
    }
  }
}