{
  "format_version": "1.16.0",
  "minecraft:entity": {
    "description": {
      "identifier": "pr:enemi4",
      "is_spawnable": true,
      "is_summonable": true,
      "is_experimental": false
    },

    "components": {
      "minecraft:experience_reward": {
        "on_death": "query.last_hit_by_player ? 15 + (query.equipment_count * Math.Random(1,3)) : 0"
      },
      "minecraft:nameable": {
      },
      "minecraft:breathable": {
        "total_supply": 15,
        "suffocate_time": 0,
        "breathes_water": false,
		"breathesAir": true
      },
      "minecraft:health": {
        "value": 28,
        "max": 28
      },
	  "minecraft:equip_item": {
      },
      "minecraft:collision_box": {
        "width": 0.6,
        "height": 1.8
      },
      "minecraft:attack": {
        "damage": 6
      },
      "minecraft:loot": {
        "table": "loot_tables/entities/enemi4.json"
      },
      "minecraft:movement": {
        "value": 0.24
      },
      "minecraft:navigation.walk": {
        "is_amphibious": true,
        "avoid_sun": true,
        "can_pass_doors": true,
        "can_break_doors": false
      },
      "minecraft:movement.basic": {
      },
      "minecraft:jump.static": {
      },
	  "minecraft:annotation.break_door": {
      },
      "minecraft:can_climb": {
      },
      "minecraft:scale": {
        "value": 1.0
      },
      "minecraft:despawn": {
        "despawn_from_distance": {}
      },
      "minecraft:behavior.hurt_by_target": {
        "priority": 1
      },
      "minecraft:behavior.nearest_attackable_target": {
        "priority": 2,
        "reselect_targets": true,
        "must_see": true,
        "entity_types": [
          {
            "filters": {
              "test": "is_family",
              "subject": "other",
              "value": "player"
            },
            "max_dist": 60
          },
          {
            "filters": {
              "test": "is_family",
              "subject": "other",
              "value": "villager"
            },
            "max_dist": 16
          },
		  {
                  "filters":{
                     "test":"is_family",
                     "subject":"other",
                     "value":"iron_golem"
                  },
                  "max_dist":25
               }
        ]
      },
      "minecraft:behavior.melee_attack": {
        "priority": 4,
        "track_target": true,
        "speed_multiplier": 1.70
      },
	  "minecraft:behavior.float": {
      },
	  "minecraft:behavior.restrict_sun": {
      },
	  "minecraft:behavior.open_door": {
      },
      "minecraft:behavior.random_stroll": {
        "priority": 6,
        "speed_multiplier": 1
      },
      "minecraft:behavior.look_at_player": {
        "priority": 7,
        "look_distance": 19,
		"probability": 0.99
      },
      "minecraft:behavior.random_look_around": {
        "priority": 8
      },
      "minecraft:type_family": {
        "family": [ "enemi4", "mob", "monster" ]
      },
      "minecraft:physics": {
      },
      "minecraft:pushable": {
        "is_pushable": true,
        "is_pushable_by_piston": true
      }
    },

    "events": {
      "minecraft:entity_spawned": {

      }
    }
  }
}