{
    "format_version": "1.16.0",
    "minecraft:entity": {
      "description": {
        "identifier": "pr:enemi3",
        "is_spawnable": true,
        "is_summonable": true,
        "is_experimental": false
      },
  
      "components": {
        "minecraft:experience_reward": {
          "on_death": "500"
        },
        "minecraft:nameable": {
        },
        "minecraft:boss": {
            "should_darken_sky": false,
            "hud_range": 35,
            "name": "Destroyer"
          },
          "minecraft:spell_effects": {

            "add_effects": [
              {
                "effect": "regeneration",
                "amplifier": 1,
                "visible": false,
                "ambient": false,
                "duration": 12000
              }
            ]
      },
      "minecraft:loot": {
        "table": "loot_tables/entities/enemi3.json"
      },
    "minecraft:health": {
      "value": 150,
      "max": 150
    },
    "minecraft:collision_box": {
      "width": 0.5,
      "height": 1.6
    },
    "minecraft:attack": {
      "damage": 10
    },
    "minecraft:movement": {
      "value": 0.15
    },
    "minecraft:knockback_resistance": {
      "value": 3.0
    },
    "minecraft:navigation.walk": {
      "is_amphibious": true,
      "avoid_sun": true,
      "can_pass_doors": true,
      "can_break_doors": false
        },
        "minecraft:movement.basic": {
        },
        "minecraft:jump.static": {
        },
        "minecraft:annotation.break_door": {
        },
        "minecraft:can_climb": {
        },
        "minecraft:scale": {
          "value": 1.5
        },
        "minecraft:behavior.summon_entity": {
          "priority": 1,
          "summon_choices": [
            {
              "weight": 4,
              "cooldown_time": 10.0,
              "cast_duration": 1.0,
              "particle_color": "#ff6500",
              "sequence": [
                {
                  "shape": "circle",
                  "target": "self",
                  "base_delay": 3.0,
                  "num_entities_spawned": 2,
                  "entity_type": "pr:enemi4",
                  "summon_cap": 8,
                  "summon_cap_radius": 16.0,
                  "size": 2.0
                }
              ]
            }
          ]
        },
        "minecraft:fire_immune": {
        },
        "minecraft:despawn": {
          "despawn_from_distance": {}
        },
        "minecraft:behavior.hurt_by_target": {
          "priority": 1
        },
        
        "minecraft:behavior.nearest_attackable_target": {
          "priority": 2,
          "reselect_targets": true,
          "must_see": true,
          "entity_types": [
            {
              "filters": {
                "test": "is_family",
                "subject": "other",
                "value": "player"
              },
              "max_dist": 60
            },
            {
              "filters": {
                "test": "is_family",
                "subject": "other",
                "value": "villager"
              },
              "max_dist": 16
            },
            {
                    "filters":{
                       "test":"is_family",
                       "subject":"other",
                       "value":"iron_golem"
                    },
                    "max_dist":25
                 }
          ]
        },
        "minecraft:behavior.melee_attack": {
          "priority": 4,
          "track_target": true,
          "speed_multiplier": 1.70
        },
        "minecraft:behavior.float": {
        },
        "minecraft:behavior.restrict_sun": {
        },
        "minecraft:behavior.open_door": {
        },
        "minecraft:behavior.random_stroll": {
          "priority": 6,
          "speed_multiplier": 1
        },
        "minecraft:behavior.look_at_player": {
          "priority": 7,
          "look_distance": 40,
          "probability": 0.99
        },
        "minecraft:behavior.random_look_around": {
          "priority": 8
        },
        "minecraft:type_family": {
          "family": [ "enemi3", "mob", "monster" ]
        },
        "minecraft:physics": {
        },
        "minecraft:pushable": {
          "is_pushable": true,
          "is_pushable_by_piston": true
        }
      },
      
      "minecraft:behavior.random_stroll": {
        "priority": 8
      },
      "minecraft:behavior.look_at_player": {
        "priority": 1,
        "look_distance": 6.0,
        "probability": 1.0
      },
      "minecraft:follow_range": {
        "value": 100
      }
    },
      "events": {
        "minecraft:entity_spawned": {
  
        }
      }
    }