{"format_version":"1.10","minecraft:entity":{"description":{"identifier":"minecraft:player","is_spawnable":false,"is_summonable":false,"is_experimental":false,"scripts":{"animate":["walk","pr:green_pr","pr:black_pr","pr:pink_pr","pr:blue_pr","pr:yellow_pr","pr:red_pr","pr:purple_pr"]},"animations":{"walk":"controller.animation.walk","pr:green_pr":"controller.animation.pr_green_pr","pr:black_pr":"controller.animation.pr_black_pr","pr:pink_pr":"controller.animation.pr_pink_pr","pr:blue_pr":"controller.animation.pr_blue_pr","pr:yellow_pr":"controller.animation.pr_yellow_pr","pr:red_pr":"controller.animation.pr_red_pr","pr:purple_pr":"controller.animation.pr_purple_pr"}},"component_groups":{"pamobile:respawn":{"minecraft:mark_variant":{"value":99999},"minecraft:health":{"value":20,"max":20},"minecraft:movement":{"value":0.1},"minecraft:attack":{"damage":1},"minecraft:spell_effects":{"remove_effects":["water_breathing","resistance","jump_boost","night_vision","haste","absorption","fire_resistance"]}},"ammo:1":{"minecraft:mark_variant":{"value":1}},"pr:black_sword":{"minecraft:health":{"value":20,"max":20},"minecraft:movement":{"value":0.1},"minecraft:attack":{"damage":16},"minecraft:spell_effects":{"add_effects":[]}},"pr:red_sword":{"minecraft:health":{"value":20,"max":20},"minecraft:movement":{"value":0.1},"minecraft:attack":{"damage":16},"minecraft:spell_effects":{"add_effects":[]}},"pr:purple_sword":{"minecraft:health":{"value":20,"max":20},"minecraft:movement":{"value":0.1},"minecraft:attack":{"damage":16},"minecraft:spell_effects":{"add_effects":[]}},"pr:green_sword":{"minecraft:health":{"value":20,"max":20},"minecraft:movement":{"value":0.1},"minecraft:attack":{"damage":16},"minecraft:spell_effects":{"add_effects":[]}},"pr:blue_sword":{"minecraft:health":{"value":20,"max":20},"minecraft:movement":{"value":0.1},"minecraft:attack":{"damage":16},"minecraft:spell_effects":{"add_effects":[]}},"pr:yellow_sword":{"minecraft:health":{"value":20,"max":20},"minecraft:movement":{"value":0.1},"minecraft:attack":{"damage":16},"minecraft:spell_effects":{"add_effects":[]}},"pr:pink_sword":{"minecraft:health":{"value":20,"max":20},"minecraft:movement":{"value":0.1},"minecraft:attack":{"damage":16},"minecraft:spell_effects":{"add_effects":[]}},"pr:green_pr_event_hold":{"minecraft:is_chested":{}},"pr:green_pr_event_play":{"minecraft:health":{"value":20,"max":20},"minecraft:movement":{"value":0.3},"minecraft:spell_effects":{"add_effects":[{"effect":"jump_boost","duration":60000,"amplifier":3,"display_on_screen_animation":false}]}},"pr:black_pr_event_hold":{"minecraft:is_chested":{}},"pr:black_pr_event_play":{"minecraft:health":{"value":20,"max":20},"minecraft:movement":{"value":0.3},"minecraft:spell_effects":{"add_effects":[{"effect":"resistance","duration":60000,"amplifier":3,"display_on_screen_animation":false}]}},"pr:pink_pr_event_hold":{"minecraft:is_chested":{}},"pr:pink_pr_event_play":{"minecraft:health":{"value":20,"max":20},"minecraft:movement":{"value":0.3},"minecraft:spell_effects":{"add_effects":[{"effect":"haste","duration":60000,"amplifier":3,"display_on_screen_animation":false}]}},"pr:blue_pr_event_hold":{"minecraft:is_chested":{}},"pr:blue_pr_event_play":{"minecraft:health":{"value":20,"max":20},"minecraft:movement":{"value":0.3},"minecraft:spell_effects":{"add_effects":[{"effect":"water_breathing","duration":60000,"amplifier":3,"display_on_screen_animation":false}]}},"pr:yellow_pr_event_hold":{"minecraft:is_chested":{}},"pr:yellow_pr_event_play":{"minecraft:health":{"value":20,"max":20},"minecraft:movement":{"value":0.3},"minecraft:spell_effects":{"add_effects":[{"effect":"absorption","duration":60000,"amplifier":3,"display_on_screen_animation":false}]}},"pr:red_pr_event_hold":{"minecraft:is_chested":{}},"pr:red_pr_event_play":{"minecraft:health":{"value":20,"max":20},"minecraft:movement":{"value":0.3},"minecraft:spell_effects":{"add_effects":[{"effect":"fire_resistance","duration":60000,"amplifier":3,"display_on_screen_animation":false}]}},"pr:purple_pr_event_hold":{"minecraft:is_chested":{}},"pr:purple_pr_event_play":{"minecraft:health":{"value":20,"max":20},"minecraft:movement":{"value":0.3},"minecraft:spell_effects":{"add_effects":[{"effect":"night_vision","duration":60000,"amplifier":3,"display_on_screen_animation":false}]}}},"components":{"minecraft:type_family":{"family":["player"]},"minecraft:loot":{"table":"loot_tables/empty.json"},"minecraft:collision_box":{"width":0.6,"height":1.8},"minecraft:can_climb":{},"minecraft:movement":{"value":0.1},"minecraft:environment_sensor":[{"on_environment":{"filters":{"any_of":[{"test":"is_family","subject":"self","value":"player"}]},"event":"pamobile:refresh_player"}},{"on_environment":{"filters":{"all_of":[{"test":"has_equipment","subject":"self","domain":"hand","value":"pr:black_sword"}]},"event":"pr:black_sword_event"}},{"on_environment":{"filters":{"all_of":[{"test":"has_equipment","subject":"self","domain":"hand","value":"pr:red_sword"}]},"event":"pr:red_sword_event"}},{"on_environment":{"filters":{"all_of":[{"test":"has_equipment","subject":"self","domain":"hand","value":"pr:purple_sword"}]},"event":"pr:purple_sword_event"}},{"on_environment":{"filters":{"all_of":[{"test":"has_equipment","subject":"self","domain":"hand","value":"pr:green_sword"}]},"event":"pr:green_sword_event"}},{"on_environment":{"filters":{"all_of":[{"test":"has_equipment","subject":"self","domain":"hand","value":"pr:blue_sword"}]},"event":"pr:blue_sword_event"}},{"on_environment":{"filters":{"all_of":[{"test":"has_equipment","subject":"self","domain":"hand","value":"pr:yellow_sword"}]},"event":"pr:yellow_sword_event"}},{"on_environment":{"filters":{"all_of":[{"test":"has_equipment","subject":"self","domain":"hand","value":"pr:pink_sword"}]},"event":"pr:pink_sword_event"}},{"on_environment":{"filters":{"all_of":[{"test":"has_equipment","subject":"self","domain":"hand","value":"pr:green_pr"}]},"event":"pr:green_pr_event_hold"}},{"on_environment":{"filters":{"all_of":[{"test":"has_equipment","subject":"self","domain":"head","value":"pr:green_pr"}]},"event":"pr:green_pr_event_play"}},{"on_environment":{"filters":{"all_of":[{"test":"has_equipment","subject":"self","domain":"hand","value":"pr:black_pr"}]},"event":"pr:black_pr_event_hold"}},{"on_environment":{"filters":{"all_of":[{"test":"has_equipment","subject":"self","domain":"head","value":"pr:black_pr"}]},"event":"pr:black_pr_event_play"}},{"on_environment":{"filters":{"all_of":[{"test":"has_equipment","subject":"self","domain":"hand","value":"pr:pink_pr"}]},"event":"pr:pink_pr_event_hold"}},{"on_environment":{"filters":{"all_of":[{"test":"has_equipment","subject":"self","domain":"head","value":"pr:pink_pr"}]},"event":"pr:pink_pr_event_play"}},{"on_environment":{"filters":{"all_of":[{"test":"has_equipment","subject":"self","domain":"hand","value":"pr:blue_pr"}]},"event":"pr:blue_pr_event_hold"}},{"on_environment":{"filters":{"all_of":[{"test":"has_equipment","subject":"self","domain":"head","value":"pr:blue_pr"}]},"event":"pr:blue_pr_event_play"}},{"on_environment":{"filters":{"all_of":[{"test":"has_equipment","subject":"self","domain":"hand","value":"pr:yellow_pr"}]},"event":"pr:yellow_pr_event_hold"}},{"on_environment":{"filters":{"all_of":[{"test":"has_equipment","subject":"self","domain":"head","value":"pr:yellow_pr"}]},"event":"pr:yellow_pr_event_play"}},{"on_environment":{"filters":{"all_of":[{"test":"has_equipment","subject":"self","domain":"hand","value":"pr:red_pr"}]},"event":"pr:red_pr_event_hold"}},{"on_environment":{"filters":{"all_of":[{"test":"has_equipment","subject":"self","domain":"head","value":"pr:red_pr"}]},"event":"pr:red_pr_event_play"}},{"on_environment":{"filters":{"all_of":[{"test":"has_equipment","subject":"self","domain":"hand","value":"pr:purple_pr"}]},"event":"pr:purple_pr_event_hold"}},{"on_environment":{"filters":{"all_of":[{"test":"has_equipment","subject":"self","domain":"head","value":"pr:purple_pr"}]},"event":"pr:purple_pr_event_play"}}],"minecraft:player.absorption":{"value":20},"minecraft:player.exhaustion":{"value":0,"max":4},"minecraft:player.level":{"value":0,"max":24791},"minecraft:player.experience":{"value":0,"max":1},"minecraft:breathable":{"totalSupply":15,"suffocateTime":-1,"inhaleTime":3.75,"generatesBubbles":false},"minecraft:nameable":{"alwaysShow":true,"allowNameTagRenaming":false},"minecraft:physics":{},"minecraft:insomnia":{"days_until_insomnia":3},"minecraft:rideable":{"seat_count":2,"family_types":["parrot_tame"],"pull_in_entities":true,"seats":[{"position":[0.4,-0.15,0.04],"min_rider_count":0,"max_rider_count":0,"lock_rider_rotation":0},{"position":[-0.4,-0.15,0.04],"min_rider_count":1,"max_rider_count":2,"lock_rider_rotation":0}]},"minecraft:scaffolding_climber":{}},"events":{"pamobile:refresh_player":{"add":{"component_groups":["pamobile:respawn"]},"remove":{"component_groups":["pr:black_sword","pr:red_sword","pr:purple_sword","pr:green_sword","pr:blue_sword","pr:yellow_sword","pr:pink_sword","pr:green_pr_event_hold","pr:green_pr_event_play","pr:black_pr_event_hold","pr:black_pr_event_play","pr:pink_pr_event_hold","pr:pink_pr_event_play","pr:blue_pr_event_hold","pr:blue_pr_event_play","pr:yellow_pr_event_hold","pr:yellow_pr_event_play","pr:red_pr_event_hold","pr:red_pr_event_play","pr:purple_pr_event_hold","pr:purple_pr_event_play"]}},"minecraft:entity_spawned":{"add":{"component_groups":["pamobile:respawn"]},"remove":{}},"ammo:1":{"remove":{"component_groups":["ammo:1"]},"add":{"component_groups":["ammo:1"]}},"ammo:2":{"remove":{"component_groups":["ammo:2"]},"add":{"component_groups":["ammo:2"]}},"pr:black_sword_event":{"add":{"component_groups":["pr:black_sword"]}},"pr:red_sword_event":{"add":{"component_groups":["pr:red_sword"]}},"pr:purple_sword_event":{"add":{"component_groups":["pr:purple_sword"]}},"pr:green_sword_event":{"add":{"component_groups":["pr:green_sword"]}},"pr:blue_sword_event":{"add":{"component_groups":["pr:blue_sword"]}},"pr:yellow_sword_event":{"add":{"component_groups":["pr:yellow_sword"]}},"pr:pink_sword_event":{"add":{"component_groups":["pr:pink_sword"]}},"pr:green_pr_event_hold":{"add":{"component_groups":["pr:green_pr_event_hold"]}},"pr:green_pr_event_play":{"add":{"component_groups":["pr:green_pr_event_play"]}},"pr:black_pr_event_hold":{"add":{"component_groups":["pr:black_pr_event_hold"]}},"pr:black_pr_event_play":{"add":{"component_groups":["pr:black_pr_event_play"]}},"pr:pink_pr_event_hold":{"add":{"component_groups":["pr:pink_pr_event_hold"]}},"pr:pink_pr_event_play":{"add":{"component_groups":["pr:pink_pr_event_play"]}},"pr:blue_pr_event_hold":{"add":{"component_groups":["pr:blue_pr_event_hold"]}},"pr:blue_pr_event_play":{"add":{"component_groups":["pr:blue_pr_event_play"]}},"pr:yellow_pr_event_hold":{"add":{"component_groups":["pr:yellow_pr_event_hold"]}},"pr:yellow_pr_event_play":{"add":{"component_groups":["pr:yellow_pr_event_play"]}},"pr:red_pr_event_hold":{"add":{"component_groups":["pr:red_pr_event_hold"]}},"pr:red_pr_event_play":{"add":{"component_groups":["pr:red_pr_event_play"]}},"pr:purple_pr_event_hold":{"add":{"component_groups":["pr:purple_pr_event_hold"]}},"pr:purple_pr_event_play":{"add":{"component_groups":["pr:purple_pr_event_play"]}}}}}