{"format_version":"1.10.0","minecraft:attachable":{"description":{"identifier":"pr:yellow_pr","item":{"pr:yellow_pr":"query.owner_identifier == 'minecraft:player'"},"materials":{"default":"armor","enchanted":"armor_enchanted"},"textures":{"default":"textures/entity/pamobile/pr_yellow_pr","enchanted":"textures/misc/enchanted_item_glint"},"geometry":{"default":"geometry.customarmor"},"scripts":{"parent_setup":"variable.helmet_layer_visible = 0.0;"},"render_controllers":["controller.render.armor"]}}}