{
  "format_version": "1.13.0",
  "minecraft:feature_rules": {
    "description": {
      "identifier": "overworld_underground_morphx_feature",
      "places_feature": "block_morphx_feature"
    },
    "conditions": {
      "placement_pass": "underground_pass",
      "minecraft:biome_filter": [
        {
          "any_of": [
            {
              "test": "has_biome_tag",
              "operator": "==",
              "value": "overworld"
            },
            {
              "test": "has_biome_tag",
              "operator": "==",
              "value": "overworld_generation"
            },
            {
              "test": "has_biome_tag",
              "operator": "==",
              "value": "animal"
            },
            {
              "test": "has_biome_tag",
              "operator": "==",
              "value": "water_animal"
            },
            {
              "test": "has_biome_tag",
              "operator": "==",
              "value": "monster"
            },
            {
              "test": "has_biome_tag",
              "operator": "==",
              "value": "river"
            },
            {
              "test": "has_biome_tag",
              "operator": "==",
              "value": "beach"
            },
            {
              "test": "has_biome_tag",
              "operator": "==",
              "value": "forest"
            },
            {
              "test": "has_biome_tag",
              "operator": "==",
              "value": "jungle"
            },
            {
              "test": "has_biome_tag",
              "operator": "==",
              "value": "taiga"
            },
            {
              "test": "has_biome_tag",
              "operator": "==",
              "value": "savanna"
            },
            {
              "test": "has_biome_tag",
              "operator": "==",
              "value": "plains"
            },
            {
              "test": "has_biome_tag",
              "operator": "==",
              "value": "mesa"
            }
          ]
        }
      ]
    },
    "distribution": {
      "iterations": 6,
      "coordinate_eval_order": "zyx",
      "x": {
        "distribution": "uniform",
        "extent": [
          0,
          16
        ]
      },
      "y": {
        "distribution": "uniform",
        "extent": [
          0,
          20
        ]
      },
      "z": {
        "distribution": "uniform",
        "extent": [
          0,
          16
        ]
      }
    }
  }
}