{
  "resource_pack_name": "azka",
  "texture_name": "atlas.items",
  "texture_data": {
    "red": {
      "textures": "textures/items/red"
    },
    "blue": {
      "textures": "textures/items/blue"
    },
    "white": {
      "textures": "textures/items/white"
    },
    "pink": {
      "textures": "textures/items/pink"
    },
    "basher": {
      "textures": "textures/items/basher"},
    "yellow": {
      "textures": "textures/items/yellow"
    },
    "star": {
      "textures": "textures/items/star"
    }
  }
}