{
  "format_version": "1.8.0",
  "minecraft:spawn_rules": {
    "description": {
      "identifier": "pr:enemi2",
      "population_control": "monster"
    },
    "conditions": [
      {
        "minecraft:spawns_on_surface": {},
        "minecraft:brightness_filter": {
          "min": 0,
          "max": 7,
          "adjust_for_weather": true
        },
        
        "minecraft:difficulty_filter": {
          "min": "easy",
          "max": "hard"
        },

        "minecraft:weight": {
          "default": 50
        },
        "minecraft:density_limit": {
          "surface": 2
        },
        "minecraft:herd": {
          "min_size": 0,
          "max_size": 1
        },

        "minecraft:biome_filter": [
          { "test": "has_biome_tag", "operator":"==", "value": "monster"}
        ]
      }
    ]
  }
}