{
  "resource_pack_name": "vanilla",
  "texture_name": "atlas.items",
  "texture_data": {
    "espada": {
      "textures": "textures/items/espada"
    },
    "pr:yellow_pr": {
      "textures": "textures/items/pr_yellow_pr"
    },
	"enti1": {
      "textures": "textures/items/enti1"
    },
    "enti2": {
      "textures": "textures/items/enti2"
    },
    "enti4": {
      "textures": "textures/items/enti4"
    },
    "Inmortal_0": {
      "textures": "textures/items/Inmortal_0"
    },
    "pr:red_sword": {
      "textures": "textures/items/pr_red_sword"
    },
    "pr:purple_sword": {
      "textures": "textures/items/pr_purple_sword"
    },
    "pr:green_sword": {
      "textures": "textures/items/pr_green_sword"
    },
    "pr:pink_sword": {
      "textures": "textures/items/pr_pink_sword"
    },
    "pr:blue_pr": {
      "textures": "textures/items/pr_blue_pr"
    },
    "pr:black_pr": {
      "textures": "textures/items/pr_black_pr"
    },
    "pr:green_pr": {
      "textures": "textures/items/pr_green_pr"
    },
    "pr:pink_pr": {
      "textures": "textures/items/pr_pink_pr"
    },
    "pr:yellow_sword": {
      "textures": "textures/items/pr_yellow_sword"
    },
    "pr:purple_pr": {
      "textures": "textures/items/pr_purple_pr"
    },
    "pr:black_sword": {
      "textures": "textures/items/pr_black_sword"
    },
    "pr:red_pr": {
      "textures": "textures/items/pr_red_pr"
    },
    "pr:blue_sword": {
      "textures": "textures/items/pr_blue_sword"
    },
	"cenobite_egg": {
      "textures": "textures/items/cenobite_egg"
    }
  }
}