{
   "num_mip_levels" : 4,
   "padding" : 8,
   "resource_pack_name" : "vanilla",
   "texture_data" : {
       "puzzle_top": { 
	     "textures": "textures/blocks/puzzle_top"  
	    },
	   "puzzle_side_one" : {
          "textures" : "textures/blocks/puzzle_side_one"
        },
       "puzzle_side_two" : {
          "textures" : "textures/blocks/puzzle_side_two"
        },
		"cursed_dirt" : {
         "textures" : [
            "textures/blocks/cursed_dirt"
        ]
      },
      "cursed_land_side" : {
         "textures" : {
            "overlay_color" : "#79c05a",
            "path" : "textures/blocks/cursed_land_side"
        }
      },
      "cursed_land_bottom" : {
         "textures" : "textures/blocks/cursed_dirt"
      },
      "cursed_land_top" : {
         "textures" : [
            "textures/blocks/cursed_land_top"
        ]
      },
	  "cursed_ore" : {
         "textures" : "textures/blocks/cursed_ore"
        }
    },
   "texture_name" : "atlas.terrain"
}