{
  "format_version": "1.10.0",
  "animation_controllers": {
    "controller.animation.item_blaster": {
      "initial_state": "default",
      "states": {
        "default": {
          "transitions": [
            {
              "shoot": "query.mark_variant == 1 && query.get_equipped_item_name=='blaster' && query.item_remaining_use_duration > 0"
            }
          ]
        },
        "shoot": {
          "transitions": [
            {
              "default": "query.mark_variant == 1 && query.get_equipped_item_name=='blaster' && query.item_remaining_use_duration > 0"
            }
          ],
          "on_entry": [
            "@s item:blaster_fire",
            "/replaceitem entity @s slot.weapon.mainhand 0 item:blaster 1 1",
            "/playsound item_blaster_shot"
          ]
        }
      }
    }
  }
}