{
  "format_version": "1.10.0",
  "animation_controllers": {
    "controller.animation.item_cannon": {
      "initial_state": "default",
      "states": {
        "default": {
          "transitions": [
            {
              "shoot": "query.mark_variant == 1 && query.get_equipped_item_name=='cannon' && query.item_remaining_use_duration > 0"
            }
          ]
        },
        "shoot": {
          "transitions": [
            {
              "default": "query.mark_variant == 1 && query.get_equipped_item_name=='cannon' && query.item_remaining_use_duration > 0"
            }
          ],
          "on_entry": [
            "@s item:cannon_fire",
            "/replaceitem entity @s slot.weapon.mainhand 0 item:cannon 1 1",
            "/playsound item_cannon_shot"
          ]
        }
      }
    }
  }
}