{
  "format_version": "1.10.0",
  "animation_controllers": {
    "controller.animation.item_morphblaster": {
      "initial_state": "default",
      "states": {
        "default": {
          "transitions": [
            {
              "shoot": "query.mark_variant == 1 && query.get_equipped_item_name=='morphblaster' && query.item_remaining_use_duration > 0"
            }
          ]
        },
        "shoot": {
          "transitions": [
            {
              "default": "query.mark_variant == 1 && query.get_equipped_item_name=='morphblaster' && query.item_remaining_use_duration > 0"
            }
          ],
          "on_entry": [
            "@s item:morphblaster_fire",
            "/replaceitem entity @s slot.weapon.mainhand 0 item:morphblaster 1 1",
            "/playsound item_morphblaster_shot"
          ]
        }
      }
    }
  }
}