{
  "resource_pack_name": "Furnicraft[Resource]",
  "texture_name": "atlas.items",
  "texture_data": {
    "giga:zombie": {
      "textures": "textures/items/giga_zombie"
    },
    "giga:skeleton": {
      "textures": "textures/items/giga_skeleton"
    },
    "item:morphblaster": {
      "textures": "textures/items/item_morphblaster"
    },
    "item:blaster": {
      "textures": "textures/items/item_blaster"
    },
    "item:cannon": {
      "textures": "textures/items/item_cannon"
    },
    "gold:mantis": {
      "textures": "textures/items/gold_mantis"
    },
    "silver:scarb": {
      "textures": "textures/items/silver_scarb"
    },
    "red:cheetah": {
      "textures": "textures/items/red_cheetah"
    },
    "blue:gorilla": {
      "textures": "textures/items/blue_gorilla"
    },
    "yellow:rabbit": {
      "textures": "textures/items/yellow_rabbit"
    },
    "red:furymode": {
      "textures": "textures/items/red_furymode"
    },
    "gold:key": {
      "textures": "textures/items/gold_key"
    },
    "item:strikermorph": {
      "textures": "textures/items/item_strikermorph"
    },
    "item:morphx": {
      "textures": "textures/items/item_morphx"
    },
    "silver:key": {
      "textures": "textures/items/silver_key"
    },
    "blue:key": {
      "textures": "textures/items/blue_key"
    },
    "red:key": {
      "textures": "textures/items/red_key"
    },
    "yellow:key": {
      "textures": "textures/items/yellow_key"
    },
    "item:morpher": {
      "textures": "textures/items/item_morpher"
    },
    "item:sword": {
      "textures": "textures/items/item_sword"
    },
    "item:morphxingot": {
      "textures": "textures/items/item_morphxingot"
    },
    "item:fury": {
      "textures": "textures/items/item_fury"
    },
    "red:cheetahclaw": {
      "textures": "textures/items/red_cheetahclaw"
    },
    "red:furykey": {
      "textures": "textures/items/red_furykey"
    },
    "item:saber": {
      "textures": "textures/items/item_saber"
    },
    "zord:racer": {
      "textures": "textures/items/zord_racer"
    },
    "zord:wrecker": {
      "textures": "textures/items/zord_wrecker"
    },
    "enemy:tronic": {
      "textures": "textures/items/enemy_tronic"
    },
    "enemy:redavatar": {
      "textures": "textures/items/enemy_redavatar"
    },
    "zombie:fury": {
      "textures": "textures/items/zombie_fury"
    },
    "skeleton:fury": {
      "textures": "textures/items/skeleton_fury"
    }
  }
}