{
	"format_version": "1.10.0",
	"geometry.basher": {
		"texturewidth": 64,
		"textureheight": 64,
		"visible_bounds_width": 3,
		"visible_bounds_height": 2,
		"visible_bounds_offset": [0, 1, 0],
		"bones": [
			{
				"name": "head",
				"pivot": [0, 24, 0],
				"cubes": [
					{"origin": [-4, 24, -4], "size": [8, 8, 8], "uv": [0, 0]},
					{"origin": [-4, 24, 4.1], "size": [8, 8, 0], "uv": [48, 8]},
					{"origin": [-4, 24, -4.1], "size": [8, 8, 0], "uv": [40, 8]}
				]
			},
			{
				"name": "body",
				"pivot": [0, 24, 0],
				"cubes": [
					{"origin": [-4, 12, -2], "size": [8, 12, 4], "uv": [16, 16]}
				]
			},
			{
				"name": "rightLeg",
				"pivot": [-1.9, 12, 0],
				"cubes": [
					{"origin": [-4, 0, -2], "size": [4, 12, 4], "uv": [0, 16]}
				]
			},
			{
				"name": "leftLeg",
				"pivot": [1.9, 12, 0],
				"cubes": [
					{"origin": [0, 0, -2], "size": [4, 12, 4], "uv": [16, 48]}
				]
			},
			{
				"name": "leftArm",
				"pivot": [5, 22, 0],
				"cubes": [
					{"origin": [4, 12, -2], "size": [4, 12, 4], "uv": [32, 48]}
				]
			},
			{
				"name": "rightArm",
				"pivot": [-5, 22, 0],
				"cubes": [
					{"origin": [-8, 12, -2], "size": [4, 12, 4], "uv": [40, 16]},
					{"origin": [-6, 14, -5], "size": [1, 1, 4], "uv": [54, 59]},
					{"origin": [-6.5, 13.5, -6], "size": [2, 2, 2], "uv": [54, 59]},
					{"origin": [-6, 13.5, -19], "size": [1, 2, 13], "uv": [36, 33]},
					{"origin": [-5.5, 15.5, -18], "size": [0, 1, 12], "uv": [10, 34]},
					{"origin": [-5.5, 12.5, -18], "size": [0, 1, 12], "uv": [9, 34]},
					{"origin": [-6, 12.5, -21], "size": [1, 4, 2], "uv": [36, 33]},
					{"origin": [-6, 12.5, -23], "size": [1, 1, 2], "uv": [36, 33]},
					{"origin": [-6, 15.5, -23], "size": [1, 1, 2], "uv": [36, 33]}
				]
			}
		]
	}
}