{
	"format_version": "1.10.0",
	"geometry.pink": {
		"texturewidth": 64,
		"textureheight": 64,
		"visible_bounds_width": 3,
		"visible_bounds_height": 2,
		"visible_bounds_offset": [0, 1, 0],
		"bones": [
			{
				"name": "head",
				"pivot": [0, 24, 0],
				"cubes": [
					{"origin": [-4, 24, -4], "size": [8, 8, 8], "uv": [0, 0]},
					{"origin": [-5, 24, -4.1], "size": [10, 10, 0], "uv": [39, 6]}
				]
			},
			{
				"name": "body",
				"pivot": [0, 24, 0],
				"cubes": [
					{"origin": [-4, 12, -2], "size": [8, 12, 4], "uv": [16, 16]},
					{"origin": [-4, 12, -2], "size": [8, 12, 4], "uv": [16, 32], "inflate": 0.25}
				]
			},
			{
				"name": "rightLeg",
				"pivot": [-1.9, 12, 0],
				"cubes": [
					{"origin": [-4, 0, -2], "size": [4, 12, 4], "uv": [0, 16]}
				]
			},
			{
				"name": "leftLeg",
				"pivot": [1.9, 12, 0],
				"cubes": [
					{"origin": [0, 0, -2], "size": [4, 12, 4], "uv": [16, 48]}
				]
			},
			{
				"name": "leftArm",
				"pivot": [5, 22, 0],
				"cubes": [
					{"origin": [4, 12, -2], "size": [3, 12, 4], "uv": [32, 48]}
				]
			},
			{
				"name": "rightArm",
				"pivot": [-5, 22, 0],
				"cubes": [
					{"origin": [-7, 12, -2], "size": [3, 12, 4], "uv": [40, 16]},
					{"origin": [-6, 13, -4], "size": [1, 2, 3], "uv": [56, 59]},
					{"origin": [-6, 12.5, -6], "size": [1, 3, 2], "uv": [50, 59]},
					{"origin": [-6, 13, -20], "size": [1, 2, 14], "uv": [34, 32]},
					{"origin": [-6, 14, -23], "size": [1, 1, 3], "uv": [56, 55]},
					{"origin": [-5.5, 13, -22], "size": [0, 1, 2], "uv": [51, 61]}
				]
			}
		]
	}
}