{
	"format_version": "1.10.0",
	"geometry.star": {
		"texturewidth": 64,
		"textureheight": 64,
		"visible_bounds_width": 3,
		"visible_bounds_height": 2,
		"visible_bounds_offset": [0, 1, 0],
		"bones": [
			{
				"name": "head",
				"pivot": [0, 24, 0],
				"cubes": [
					{"origin": [-4, 24, -4], "size": [8, 8, 8], "uv": [0, 0]},
					{"origin": [-5, 28, -4.5], "size": [10, 1, 1], "uv": [24, 0]},
					{"origin": [-2, 26, -4.5], "size": [4, 1, 1], "uv": [24, 2]},
					{"origin": [-3, 27, -4.5], "size": [6, 1, 1], "uv": [24, 2]},
					{"origin": [-3, 25, -4.5], "size": [2, 1, 1], "uv": [24, 2]},
					{"origin": [1, 25, -4.5], "size": [2, 1, 1], "uv": [24, 2]},
					{"origin": [-1, 30, -4.5], "size": [2, 1, 1], "uv": [24, 2]},
					{"origin": [-1, 31, -4.5], "size": [2, 1, 1], "uv": [24, 2]},
					{"origin": [-2, 30, -4.5], "size": [1, 2, 1], "uv": [24, 4]},
					{"origin": [1, 30, -4.5], "size": [1, 2, 1], "uv": [24, 4]},
					{"origin": [-2, 29, -4.5], "size": [4, 1, 1], "uv": [27, 6]},
					{"origin": [3.5, 28, -3.5], "size": [1, 2, 1], "uv": [27, 4]},
					{"origin": [-4.5, 28, -3.5], "size": [1, 2, 1], "uv": [27, 4]},
					{"origin": [-4.5, 29, -2.5], "size": [1, 1, 7], "uv": [48, 0]},
					{"origin": [3.5, 29, -2.5], "size": [1, 1, 7], "uv": [48, 0]},
					{"origin": [-3.5, 29, 3.5], "size": [7, 1, 1], "uv": [48, 6]}
				]
			},
			{
				"name": "body",
				"pivot": [0, 24, 0],
				"cubes": [
					{"origin": [-4, 12, -2], "size": [8, 12, 4], "uv": [16, 16]},
					{"origin": [-4, 12, -2], "size": [8, 12, 4], "uv": [16, 32], "inflate": 0.25}
				]
			},
			{
				"name": "rightLeg",
				"pivot": [-1.9, 12, 0],
				"cubes": [
					{"origin": [-4, 0, -2], "size": [4, 12, 4], "uv": [0, 16]}
				]
			},
			{
				"name": "leftLeg",
				"pivot": [1.9, 12, 0],
				"cubes": [
					{"origin": [0, 0, -2], "size": [4, 12, 4], "uv": [16, 48]}
				]
			},
			{
				"name": "leftArm",
				"pivot": [5, 22, 0],
				"cubes": [
					{"origin": [4, 12, -2], "size": [4, 12, 4], "uv": [32, 48]}
				]
			},
			{
				"name": "rightArm",
				"pivot": [-5, 22, 0],
				"cubes": [
					{"origin": [-8, 12, -2], "size": [4, 12, 4], "uv": [40, 16]},
					{"origin": [-6, 13, -4], "size": [1, 2, 3], "uv": [56, 59]},
					{"origin": [-6, 12.5, -7], "size": [1, 3, 3], "uv": [48, 58]},
					{"origin": [-6, 15.5, -4.5], "size": [1, 1, 1], "uv": [53, 59]},
					{"origin": [-6, 15.5, -7.5], "size": [1, 1, 1], "uv": [53, 59]},
					{"origin": [-6, 11.5, -7.5], "size": [1, 1, 1], "uv": [53, 59]},
					{"origin": [-6, 13, -8], "size": [1, 2, 1], "uv": [60, 56]},
					{"origin": [-6, 13, -20], "size": [1, 2, 12], "uv": [38, 34]},
					{"origin": [-6, 14, -23], "size": [1, 1, 3], "uv": [48, 54]},
					{"origin": [-5.5, 13, -22], "size": [0, 1, 2], "uv": [49, 55]},
					{"origin": [-7, 13, -6.5], "size": [1, 2, 2], "uv": [58, 48]}
				]
			},
			{
				"name": "bone",
				"parent": "rightArm",
				"pivot": [-5, 22, 0],
				"rotation": [30, 0, 0],
				"cubes": [
					{"origin": [-6, 14, -9], "size": [1, 2, 1], "uv": [0, 0]}
				]
			}
		]
	}
}