{
  "format_version": "1.12",
  "minecraft:recipe_shaped": {
    "description": {
      "identifier": "strikermorph_0797eac6"
    },
    "tags": [
      "crafting_table"
    ],
    "pattern": [
      "ABC",
      "  C"
    ],
    "key": {
      "A": {
        "item": "minecraft:gold_ingot",
        "data": 0
      },
      "B": {
        "item": "item:morphx",
        "data": 0
      },
      "C": {
        "item": "minecraft:coal",
        "data": 0
      }
    },
    "result": {
      "item": "item:strikermorph",
      "count": 1
    }
  }
}