{
  "format_version": "1.12",
  "minecraft:recipe_shaped": {
    "description": {
      "identifier": "morpher_ca2ae62c"
    },
    "tags": [
      "crafting_table"
    ],
    "pattern": [
      " A ",
      "BCA",
      " A "
    ],
    "key": {
      "A": {
        "item": "minecraft:coal",
        "data": 0
      },
      "B": {
        "item": "minecraft:gold_ingot",
        "data": 0
      },
      "C": {
        "item": "item:morphx",
        "data": 0
      }
    },
    "result": {
      "item": "item:morpher",
      "count": 1
    }
  }
}