{
  "format_version": "1.12",
  "minecraft:recipe_shaped": {
    "description": {
      "identifier": "sword_fcdaa206"
    },
    "tags": [
      "crafting_table"
    ],
    "pattern": [
      "A",
      "B",
      "C"
    ],
    "key": {
      "A": {
        "item": "minecraft:dye",
        "data": 18
      },
      "B": {
        "item": "item:morphx",
        "data": 0
      },
      "C": {
        "item": "minecraft:stick",
        "data": 0
      }
    },
    "result": {
      "item": "item:sword",
      "count": 1
    }
  }
}