{
  "format_version": "1.12",
  "minecraft:recipe_shaped": {
    "description": {
      "identifier": "blaster_c06ff35d"
    },
    "tags": [
      "crafting_table"
    ],
    "pattern": [
      "A",
      "B",
      "C"
    ],
    "key": {
      "A": {
        "item": "minecraft:bow",
        "data": 0
      },
      "B": {
        "item": "item:morphx",
        "data": 0
      },
      "C": {
        "item": "minecraft:arrow",
        "data": 0
      }
    },
    "result": {
      "item": "item:blaster",
      "count": 1
    }
  }
}