{
  "format_version": "1.12",
  "minecraft:recipe_shaped": {
    "description": {
      "identifier": "cheetahclaw_107b2fdf"
    },
    "tags": [
      "crafting_table"
    ],
    "pattern": [
      "AA ",
      "ABC",
      " CC"
    ],
    "key": {
      "A": {
        "item": "minecraft:iron_sword",
        "data": 0
      },
      "B": {
        "item": "item:morphx",
        "data": 0
      },
      "C": {
        "item": "minecraft:redstone",
        "data": 0
      }
    },
    "result": {
      "item": "red:cheetahclaw",
      "count": 1
    }
  }
}