{
  "format_version": "1.10.0",
  "minecraft:attachable": {
    "description": {
      "identifier": "blue:gorilla",
      "item": {
        "blue:gorilla": "query.owner_identifier \u003d\u003d \u0027minecraft:player\u0027"
      },
      "materials": {
        "default": "armor",
        "enchanted": "armor_enchanted"
      },
      "textures": {
        "default": "textures/entity/blue_gorilla",
        "enchanted": "textures/misc/enchanted_item_glint"
      },
      "geometry": {
        "default": "geometry.customarmor"
      },
      "scripts": {
        "parent_setup": "variable.helmet_layer_visible \u003d 0.0;"
      },
      "render_controllers": [
        "controller.render.armor"
      ]
    }
  }
}