{"format_version":"1.12.0","minecraft:geometry":[{"description":{"identifier":"geometry.racer","texture_width":128,"texture_height":64,"visible_bounds_width":3,"visible_bounds_height":2,"visible_bounds_offset":[0,1,0]},"bones":[{"name":"body","pivot":[0,24,0],"cubes":[{"origin":[-4,13,-2],"size":[8,11,4],"uv":[16,16]},{"origin":[-3,16,-3],"size":[6,7,1],"uv":[65,11]},{"origin":[-2,17,-4],"size":[4,5,1],"uv":[78,11]},{"origin":[-1,18,-5],"size":[2,3,1],"uv":[87,11]}]},{"name":"head","pivot":[0,15,0],"cubes":[{"origin":[-3,24,-2],"size":[6,6,4],"uv":[0,0]},{"origin":[-2,30,-2],"size":[4,1,4],"uv":[60,2]},{"origin":[-1,31,-1],"size":[2,1,2],"uv":[60,2]},{"origin":[-1,31,-2],"size":[2,3,0],"uv":[0,0]},{"origin":[-5,27,-2],"size":[2,2,0],"uv":[58,16]},{"origin":[3,27,-2],"size":[2,2,0],"uv":[56,16]}]},{"name":"rightArm","pivot":[-13,22,0],"rotation":[0,180,0],"cubes":[{"origin":[-34,12,-2],"size":[3,12,4],"uv":[40,16]},{"origin":[-34,22,2],"size":[4,4,1],"uv":[59,21]},{"origin":[-34,22,-3],"size":[4,4,1],"uv":[59,21]},{"origin":[-34,24,-2],"size":[4,2,4],"uv":[70,21]},{"origin":[-35,23,-3],"size":[1,3,6],"uv":[86,21]},{"origin":[-36,24,-3],"size":[1,2,6],"uv":[101,20]},{"origin":[-35,22,-3],"size":[1,1,6],"uv":[59,28]},{"origin":[-36,23,-3],"size":[1,1,6],"uv":[59,28]}]},{"name":"leftArm","pivot":[-1,22,0],"cubes":[{"origin":[-8,12,-2],"size":[3,12,4],"uv":[40,16]},{"origin":[-10,24,-3],"size":[1,2,6],"uv":[101,20]},{"origin":[-9,23,-3],"size":[1,3,6],"uv":[86,21]},{"origin":[-8,24,-2],"size":[4,2,4],"uv":[70,21]},{"origin":[-8,22,-3],"size":[4,4,1],"uv":[59,21]},{"origin":[-8,22,2],"size":[4,4,1],"uv":[59,21]},{"origin":[-10,23,-3],"size":[1,1,6],"uv":[59,28]},{"origin":[-9,22,-3],"size":[1,1,6],"uv":[59,28]},{"origin":[-9,23,3],"size":[4,4,1],"uv":[74,22]},{"origin":[5,23,3],"size":[4,4,1],"uv":[74,22]},{"origin":[-7,12,-3],"size":[1,2,6],"uv":[59,37]},{"origin":[-7,12,-4],"size":[1,2,1],"uv":[53,42]},{"origin":[-7,11,-6],"size":[1,4,2],"uv":[46,39]},{"origin":[-7,12,-21],"size":[1,2,15],"uv":[76,35]}]},{"name":"rightLeg","pivot":[-2.9,12,-9],"cubes":[{"origin":[-5,0,-2],"size":[4,13,4],"uv":[0,16]},{"origin":[-5.1,0,-3],"size":[4,3,1],"uv":[12,35]},{"origin":[-5.1,0,-4],"size":[4,2,1],"uv":[12,35]}]},{"name":"leftLeg","pivot":[2.9,12,-10],"cubes":[{"origin":[1,0,-2],"size":[4,13,4],"uv":[0,16],"mirror":true},{"origin":[0.9,0,-3],"size":[4,3,1],"uv":[1,35]},{"origin":[0.9,0,-4],"size":[4,2,1],"uv":[1,35]}]}]}]}