{"format_version":"1.12.0","minecraft:geometry":[{"description":{"identifier":"geometry.wrecker","texture_width":128,"texture_height":64,"visible_bounds_width":3,"visible_bounds_height":2,"visible_bounds_offset":[0,1,0]},"bones":[{"name":"body","pivot":[0,24,0],"cubes":[{"origin":[-4,13,-2],"size":[8,11,4],"uv":[16,16]},{"origin":[-4,15,-3],"size":[8,9,1],"uv":[65,11]}]},{"name":"head","pivot":[0,15,0],"cubes":[{"origin":[-3,24,-2],"size":[6,6,4],"uv":[0,0]},{"origin":[-2,30,-2],"size":[4,1,4],"uv":[60,2]},{"origin":[-1,31,-2],"size":[2,3,0],"uv":[0,0]},{"origin":[-2,33,-2],"size":[4,1,0],"uv":[0,0]},{"origin":[-2,24,-2],"size":[1,1,0],"uv":[22,4]},{"origin":[1,24,-2],"size":[1,1,0],"uv":[22,4]},{"origin":[-4,25,-2],"size":[1,1,0],"uv":[22,4]},{"origin":[3,25,-2],"size":[1,1,0],"uv":[22,4]},{"origin":[-3,25,-2],"size":[1,1,0],"uv":[22,4]},{"origin":[2,25,-2],"size":[1,1,0],"uv":[22,4]},{"origin":[-3,24,-2],"size":[1,1,0],"uv":[22,4]},{"origin":[2,24,-2],"size":[1,1,0],"uv":[22,4]}]},{"name":"rightArm","pivot":[-13,22,0],"rotation":[0,180,0],"cubes":[{"origin":[-34,12,-2],"size":[3,12,4],"uv":[40,16]},{"origin":[-34,22,2],"size":[4,4,1],"uv":[59,21]},{"origin":[-34,22,-3],"size":[4,4,1],"uv":[59,21]},{"origin":[-34,24,-2],"size":[4,2,4],"uv":[70,21]},{"origin":[-35,23,-3],"size":[1,3,6],"uv":[86,21]},{"origin":[-38,24,-3],"size":[3,2,6],"uv":[101,20]},{"origin":[-35,22,-3],"size":[1,1,6],"uv":[59,28]},{"origin":[-36,23,-3],"size":[1,1,6],"uv":[59,28]}]},{"name":"leftArm","pivot":[-1,22,0],"cubes":[{"origin":[-8,12,-2],"size":[3,12,4],"uv":[40,16]},{"origin":[-12,24,-3],"size":[3,2,6],"uv":[101,20]},{"origin":[-9,23,-3],"size":[1,3,6],"uv":[86,21]},{"origin":[-8,24,-2],"size":[4,2,4],"uv":[70,21]},{"origin":[-8,22,-3],"size":[4,4,1],"uv":[59,21]},{"origin":[-8,22,2],"size":[4,4,1],"uv":[59,21]},{"origin":[-10,23,-3],"size":[1,1,6],"uv":[59,28]},{"origin":[-9,22,-3],"size":[1,1,6],"uv":[59,28]},{"origin":[-9,13,-2],"size":[1,2,4],"uv":[24,35]},{"origin":[-9,14,-4],"size":[1,1,2],"uv":[35,35]},{"origin":[-9,14,2],"size":[1,1,2],"uv":[35,35]},{"origin":[-9,15,3],"size":[1,1,2],"uv":[35,35]},{"origin":[-9,15,-5],"size":[1,1,2],"uv":[35,35]},{"origin":[-9,16,-6],"size":[1,1,2],"uv":[35,35]},{"origin":[-9,16,4],"size":[1,1,2],"uv":[35,35]}]},{"name":"rightLeg","pivot":[-2.9,12,-9],"cubes":[{"origin":[-5,0,-2],"size":[4,13,4],"uv":[0,16]},{"origin":[-5.1,0,-3],"size":[4,3,1],"uv":[12,35]},{"origin":[-5.1,0,-4],"size":[4,2,1],"uv":[12,35]}]},{"name":"leftLeg","pivot":[2.9,12,-10],"cubes":[{"origin":[1,0,-2],"size":[4,13,4],"uv":[0,16],"mirror":true},{"origin":[0.9,0,-3],"size":[4,3,1],"uv":[1,35]},{"origin":[0.9,0,-4],"size":[4,2,1],"uv":[1,35]}]}]}]}