{
  "format_version": "1.10.0",
  "minecraft:client_entity": {
    "description": {
      "identifier": "pr:enemi3",
      "materials": {
        "default": "zombie"
      },
      "textures": {
        "default": "textures/entity/enemi3/enemi3_0"
      },
      "geometry": {
        "default": "geometry.enemi3"
      },
      "animations": {
        "moving": "animation.enemi3.walk",
        "attacking": "animation.enemi3.attack",
        "look_at_target": "animation.common.look_at_target",
        "swimming": "animation.humanoid.swimming",

        "move": "controller.animation.enemi3.walk",
        "stab": "controller.animation.enemi3.attack"
      },
      "scripts": {
        "animate": [
          "move","stab"
        ],
        "pre_animation": [
          "variable.attack = Math.sin(variable.attack_time * 30.0);"
        ]
      },
      "render_controllers": [ "controller.render.ene3" ],
	  "enable_attachables": true,
      "spawn_egg": {
        "texture": "Inmortal_0",
        "texture_index": 0
      }
    }
  }
}