{
  "format_version": "1.10.0",
  "minecraft:client_entity": {
    "description": {
      "identifier": "pr:enemi1",
      "materials": {
        "default": "zombie"
      },
      "textures": {
        "default": "textures/entity/enemi1/enemi1_0"
      },
      "geometry": {
        "default": "geometry.enemi1"
      },
      "animations": {
        "moving": "animation.enemi1.walk",
        "attacking": "animation.enemi1.attack",
        "look_at_target": "animation.common.look_at_target",
        "swimming": "animation.humanoid.swimming",

        "move": "controller.animation.enemi1.walk",
        "stab": "controller.animation.enemi1.attack"
      },
      "scripts": {
        "animate": [
          "move","stab"
        ],
        "pre_animation": [
          "variable.attack = Math.sin(variable.attack_time * 30.0);"
        ]
      },
      "render_controllers": [ "controller.render.ene" ],
	  "enable_attachables": true,
      "spawn_egg": {
        "texture": "enti1",
        "texture_index": 0
      }
    }
  }
}