{
  "format_version": "1.8.0",
  "minecraft:entity": {
	"description": {
      "identifier": "ranger:pink",
      "is_spawnable": true,
      "is_summonable": true,
      "is_experimental": false
    },
	
    "components": {
      "minecraft:type_family": {
        "family": [ "player" ]
      },
      "minecraft:breathable": {
        "totalSupply": 15,
        "suffocateTime": 0
      },
      "minecraft:collision_box": {
        "width": 0.6,
        "height": 1.8
      },
      "minecraft:loot": {
        "table": "loot_tables/biome_project_0/mummy.json"
      },
      "minecraft:health": {
        "value": 50,
		"max": 50
      },
      "minecraft:attack": {
        "damage": 4
	  },
      "minecraft:movement": {
        "value": {
          "range_min": 0.3, 
          "range_max": 0.3
        }
      },
      "minecraft:navigation.walk": {
        "can_float": true,
        "avoid_water": true,
        "avoid_damage_blocks": true
      },
      "minecraft:movement.basic": {
        
      },
      "minecraft:jump.static": {
      },
      "minecraft:nameable": {
      },
      "minecraft:balloonable": {
      },
      "minecraft:behavior.float": {
        "priority": 0
      },
      "minecraft:behavior.melee_attack": {
        "priority": 1,
        "speed_multiplier": 1.4,
        "track_target": false
      },
      "minecraft:behavior.move_towards_restriction": {
        "priority": 4,
        "speed_multiplier": 1
      },
      "minecraft:behavior.random_stroll": {
        "priority": 6,
        "speed_multiplier": 0.7
      },
      "minecraft:behavior.look_at_player": {
        "priority": 7,
        "look_distance": 6.0,
        "probability": 0.02
      },
      "minecraft:behavior.random_look_around": {
        "priority": 8
      },
      "minecraft:behavior.hurt_by_target": {
        "priority": 1
      },
      "minecraft:behavior.nearest_attackable_target": {
        "priority": 1,
        "within_radius": 7.5,
        "entity_types": [
          {
            "filters": { "other_with_families": [ "monster" ] },
            "max_dist": 30
          }
        ]
      },
	    "minecraft:physics": {
      }
    }
  }
}