{
	"format_version": "1.8.0",
	"animations": {
		"animation.enemi1.walk": {
			"loop": true,
			"animation_length": 1.4,
			"bones": {
				"head": {
					"rotation": {
						"0.0": [-15, 0, 0],
						"0.2": [5, 0, 0],
						"0.4": [10, 0, 0],
						"0.6": [15, 0, 0],
						"0.8": [10, 0, 0],
						"1.0": [5, 0, 0],
						"1.2": [0, 0, 0],
						"1.4": [-15, 0, 0]
					}
				},
				"leftArm": {
					"rotation": {
						"0.0": [-20, 0, 0],
						"0.2": [0, 0, 0],
						"0.4": [20, 0, 0],
						"0.6": [0, 0, 0],
						"0.8": [-20, 0, 0],
						"1.0": [0, 0, 0],
						"1.2": [20, 0, 0],
						"1.4": [0, 0, 0]
					}
				},
				"rightArm": {
					"rotation": {
						"0.0": [20, 0, 0],
						"0.2": [0, 0, 0],
						"0.4": [-20, 0, 0],
						"0.6": [0, 0, 0],
						"0.8": [20, 0, 0],
						"1.0": [0, 0, 0],
						"1.2": [-20, 0, 0],
						"1.4": [0, 0, 0]
					}
				},
				"leftLeg": {
					"rotation": {
						"0.0": [20, 0, 0],
						"0.2": [0, 0, 0],
						"0.4": [-20, 0, 0],
						"0.6": [0, 0, 0],
						"0.8": [20, 0, 0],
						"1.0": [0, 0, 0],
						"1.2": [-20, 0, 0],
						"1.4": [0, 0, 0]
					}
				},
				"rightLeg": {
					"rotation": {
						"0.0": [-20, 0, 0],
						"0.2": [0, 0, 0],
						"0.4": [20, 0, 0],
						"0.6": [0, 0, 0],
						"0.8": [-20, 0, 0],
						"1.0": [0, 0, 0],
						"1.2": [20, 0, 0],
						"1.4": [0, 0, 0]
					}
				}
			}
		},
		"animation.enemi1.attack": {
			"loop": true,
			"animation_length": 1.2,
			"bones": {
				"head": {
					"rotation": {
						"0.0": [0, 0, 0],
						"0.2": [10, 0, 0],
						"0.4": [20, 0, 0],
						"0.6": [30, 0, 0],
						"0.8": [20, 0, 0],
						"1.0": [10, 0, 0],
						"1.2": [0, 0, 0]
					}
				},
				"leftArm": {
					"rotation": {
						"0.0": [0, 0, 0],
						"0.2": [0, 0, 15],
						"0.4": [-15, 0, 15],
						"0.6": [-30, 0, 15],
						"0.8": [-15, 0, 15],
						"1.0": [0, 0, 15],
						"1.2": [0, 0, 0]
					}
				},
				"rightArm": {
					"rotation": {
						"0.0": [0, 0, 0],
						"0.2": [0, 0, -15],
						"0.4": [-15, 0, -15],
						"0.6": [-30, 0, -15],
						"0.8": [-15, 0, -15],
						"1.0": [0, 0, -15],
						"1.2": [0, 0, 0]
					}
				}
			}
		}
	}
}