{
	"format_version": "1.8.0",
	"animations": {
		"animation.enemi2.walk": {
			"loop": true,
			"animation_length": 1.28,
			"bones": {
				"leftLeg": {
					"rotation": {
						"0.3167": [5, 0, 0],
						"0.4333": [10, 0, 0],
						"0.5667": [20, 0, 0],
						"0.7167": [20, 0, 0],
						"0.8333": [10, 0, 0],
						"0.9667": [5, 0, 0]
					}
				},
				"rightLeg": {
					"rotation": {
						"0.3167": [5, 0, 0],
						"0.4333": [10, 0, 0],
						"0.5667": [20, 0, 0],
						"0.7167": [20, 0, 0],
						"0.8333": [10, 0, 0],
						"0.9667": [5, 0, 0]
					}
				},
				"head": {
					"rotation": {
						"0.4": [0, 0, 0],
						"0.5667": [0, -90, 0],
						"0.7167": [0, 0, 0],
						"0.8833": [0, 90, 0],
						"1.0333": [0, 0, 0]
					}
				}
			}
		},
		"animation.enemi2.attack": {
			"loop": true,
			"animation_length": 1.28,
			"bones": {
				"leftLeg": {
					"rotation": {
						"0.3167": [5, 0, 0],
						"0.4333": [10, 0, 0],
						"0.5667": [20, 0, 0],
						"0.7167": [20, 0, 0],
						"0.8333": [10, 0, 0],
						"0.9667": [5, 0, 0]
					}
				},
				"rightLeg": {
					"rotation": {
						"0.3167": [5, 0, 0],
						"0.4333": [10, 0, 0],
						"0.5667": [20, 0, 0],
						"0.7167": [20, 0, 0],
						"0.8333": [10, 0, 0],
						"0.9667": [5, 0, 0]
					}
				},
				"leftArm": {
					"rotation": {
						"0.2": [-15, 0, 0],
						"0.3167": [-30, 0, 0],
						"0.4333": [-45, 0, 0],
						"0.7167": [-45, 0, 0],
						"0.8333": [-30, 0, 0],
						"0.9667": [-15, 0, 0]
					}
				},
				"rightArm": {
					"rotation": {
						"0.2": [-15, 0, 0],
						"0.3167": [-30, 0, 0],
						"0.4333": [-45, 0, 0],
						"0.7167": [-45, 0, 0],
						"0.8333": [-30, 0, 0],
						"0.9667": [-15, 0, 0]
					}
				}
			}
		}
	}
}