{
	"format_version": "1.8.0",
	"animations": {
		"animation.enemi4.walk": {
			"loop": true,
			"animation_length": 1.6,
			"bones": {
				"leftArm": {
					"rotation": {
						"0.0": [0, 0, 0],
						"0.2": [20, 0, 0],
						"0.4": [30, 0, 0],
						"0.6": [20, 0, 0],
						"0.8": [0, 0, 0],
						"1.0": [-20, 0, 0],
						"1.2": [-30, 0, 0],
						"1.4": [-10, 0, 0],
						"1.6": [0, 0, 0]
					}
				},
				"rightArm": {
					"rotation": {
						"0.0": [0, 0, 0],
						"0.2": [-20, 0, 0],
						"0.4": [-30, 0, 0],
						"0.6": [-20, 0, 0],
						"0.8": [0, 0, 0],
						"1.0": [20, 0, 0],
						"1.2": [30, 0, 0],
						"1.4": [10, 0, 0],
						"1.6": [0, 0, 0]
					}
				},
				"leftLeg": {
					"rotation": {
						"0.0": [0, 0, 0],
						"0.2": [10, 0, 0],
						"0.4": [20, 0, 0],
						"0.6": [10, 0, 0],
						"0.8": [0, 0, 0],
						"1.0": [-10, 0, 0],
						"1.2": [-20, 0, 0],
						"1.4": [-10, 0, 0],
						"1.6": [0, 0, 0]
					}
				},
				"rightLeg": {
					"rotation": {
						"0.0": [0, 0, 0],
						"0.2": [-10, 0, 0],
						"0.4": [-20, 0, 0],
						"0.6": [-10, 0, 0],
						"0.8": [0, 0, 0],
						"1.0": [10, 0, 0],
						"1.2": [20, 0, 0],
						"1.4": [10, 0, 0],
						"1.6": [0, 0, 0]
					}
				}
			}
		},
		"animation.enemi4.attack": {
			"loop": true,
			"animation_length": 1.6,
			"bones": {
				"leftArm": {
					"rotation": {
						"0.0": [0, 0, 0],
						"0.2": [-30, 0, 0],
						"0.4": [-40, 0, 0],
						"0.6": [-35, 0, 0],
						"0.8": [-45, 0, 0],
						"1.0": [-35, 0, 0],
						"1.2": [-25, 0, 0],
						"1.4": [-15, 0, 0],
						"1.6": [0, 0, 0]
					}
				},
				"rightArm": {
					"rotation": {
						"0.0": [0, 0, 0],
						"0.2": [-30, 0, 0],
						"0.4": [-40, 0, 0],
						"0.6": [-35, 0, 0],
						"0.8": [-45, 0, 0],
						"1.0": [-35, 0, 0],
						"1.2": [-25, 0, 0],
						"1.4": [-15, 0, 0],
						"1.6": [0, 0, 0]
					}
				},
				"leftLeg": {
					"rotation": {
						"0.0": [0, 0, 0],
						"0.2": [10, 0, 0],
						"0.4": [20, 0, 0],
						"0.6": [10, 0, 0],
						"0.8": [0, 0, 0],
						"1.0": [-10, 0, 0],
						"1.2": [-20, 0, 0],
						"1.4": [-10, 0, 0],
						"1.6": [0, 0, 0]
					}
				},
				"rightLeg": {
					"rotation": {
						"0.0": [0, 0, 0],
						"0.2": [-10, 0, 0],
						"0.4": [-20, 0, 0],
						"0.6": [-10, 0, 0],
						"0.8": [0, 0, 0],
						"1.0": [10, 0, 0],
						"1.2": [20, 0, 0],
						"1.4": [10, 0, 0],
						"1.6": [0, 0, 0]
					}
				}
			}
		}
	}
}