{
	"format_version": "1.8.0",
	"animations": {
		"animation.enemi3.walk": {
			"loop": true,
			"animation_length": 2.4,
			"bones": {
				"wingder": {
					"rotation": {
						"0.0": [0, 5, 0],
						"0.2": [0, -10, 0],
						"0.4": [0, -20, 0],
						"0.6": [0, -30, 0],
						"0.8": [0, -20, 0],
						"1.0": [0, -5, 0],
						"1.2": [0, 5, 0],
						"1.4": [0, -10, 0],
						"1.6": [0, -20, 0],
						"1.8": [0, -30, 0],
						"2.0": [0, -20, 0],
						"2.2": [0, -5, 0],
						"2.4": [0, 5, 0]
					}
				},
				"wingiz": {
					"rotation": {
						"0.0": [0, 0, 0],
						"0.2": [0, 10, 0],
						"0.4": [0, 20, 0],
						"0.6": [0, 30, 0],
						"0.8": [0, 20, 0],
						"1.0": [0, 10, 0],
						"1.2": [0, 0, 0],
						"1.4": [0, 10, 0],
						"1.6": [0, 20, 0],
						"1.8": [0, 30, 0],
						"2.0": [0, 20, 0],
						"2.2": [0, 10, 0],
						"2.4": [0, 0, 0]
					}
				},
				"leftArm": {
					"rotation": {
						"0.0": [0, 0, 0],
						"0.2": [0, 0, 10],
						"0.4": [0, 0, 20],
						"0.6": [-10, 0, 20],
						"0.8": [-20, 0, 20],
						"1.0": [-10, 0, 20],
						"1.2": [0, 0, 20],
						"1.4": [0, 0, 10],
						"1.6": [0, 0, 0]
					}
				},
				"rightArm": {
					"rotation": {
						"0.0": [0, 0, 0],
						"0.2": [0, 0, -10],
						"0.4": [0, 0, -20],
						"0.6": [-10, 0, -20],
						"0.8": [-20, 0, -20],
						"1.0": [-10, 0, -20],
						"1.2": [0, 0, -20],
						"1.4": [0, 0, -10],
						"1.6": [0, 0, 0]
					}
				},
				"leftLeg": {
					"rotation": {
						"0.0": [0, 0, 0],
						"0.2": [-10, 0, 0],
						"0.4": [-20, 0, 0],
						"0.6": [-30, 0, 0],
						"0.8": [-20, 0, 0],
						"1.0": [-10, 0, 0],
						"1.2": [0, 0, 0],
						"1.4": [10, 0, 0],
						"1.6": [20, 0, 0],
						"1.8": [30, 0, 0],
						"2.0": [20, 0, 0],
						"2.2": [10, 0, 0],
						"2.4": [0, 0, 0]
					}
				},
				"rightLeg": {
					"rotation": {
						"0.0": [0, 0, 0],
						"0.2": [10, 0, 0],
						"0.4": [20, 0, 0],
						"0.6": [30, 0, 0],
						"0.8": [20, 0, 0],
						"1.0": [10, 0, 0],
						"1.2": [0, 0, 0],
						"1.4": [-10, 0, 0],
						"1.6": [-20, 0, 0],
						"1.8": [-30, 0, 0],
						"2.0": [-20, 0, 0],
						"2.2": [-10, 0, 0],
						"2.4": [0, 0, 0]
					}
				}
			}
		},
		"animation.enemi3.attack": {
			"loop": true,
			"animation_length": 2.4,
			"bones": {
				"wingder": {
					"rotation": {
						"0.0": [0, 5, 0],
						"0.2": [0, -10, 0],
						"0.4": [0, -20, 0],
						"0.6": [0, -30, 0],
						"0.8": [0, -20, 0],
						"1.0": [0, -5, 0],
						"1.2": [0, 5, 0],
						"1.4": [0, -10, 0],
						"1.6": [0, -20, 0],
						"1.8": [0, -30, 0],
						"2.0": [0, -20, 0],
						"2.2": [0, -5, 0],
						"2.4": [0, 5, 0]
					}
				},
				"wingiz": {
					"rotation": {
						"0.0": [0, 0, 0],
						"0.2": [0, 10, 0],
						"0.4": [0, 20, 0],
						"0.6": [0, 30, 0],
						"0.8": [0, 20, 0],
						"1.0": [0, 10, 0],
						"1.2": [0, 0, 0],
						"1.4": [0, 10, 0],
						"1.6": [0, 20, 0],
						"1.8": [0, 30, 0],
						"2.0": [0, 20, 0],
						"2.2": [0, 10, 0],
						"2.4": [0, 0, 0]
					}
				},
				"leftArm": {
					"rotation": {
						"0.0": [0, 0, 0],
						"0.2": [0, 0, 10],
						"0.4": [0, 0, 20],
						"0.6": [-20, 0, 20],
						"0.8": [-30, 0, 20],
						"1.0": [-40, 0, 20],
						"1.2": [-30, 0, 20],
						"1.4": [-20, 0, 20],
						"1.6": [0, 0, 20],
						"1.8": [0, 0, 10],
						"2.0": [0, 0, 0]
					}
				},
				"rightArm": {
					"rotation": {
						"0.0": [0, 0, 0],
						"0.2": [0, 0, -10],
						"0.4": [0, 0, -20],
						"0.6": [-20, 0, -20],
						"0.8": [-30, 0, -20],
						"1.0": [-40, 0, -20],
						"1.2": [-30, 0, -20],
						"1.4": [-20, 0, -20],
						"1.6": [0, 0, -20],
						"1.8": [0, 0, -10],
						"2.0": [0, 0, 0]
					}
				},
				"leftLeg": {
					"rotation": {
						"0.0": [0, 0, 0],
						"0.2": [-10, 0, 0],
						"0.4": [-20, 0, 0],
						"0.6": [-30, 0, 0],
						"0.8": [-20, 0, 0],
						"1.0": [-10, 0, 0],
						"1.2": [0, 0, 0],
						"1.4": [10, 0, 0],
						"1.6": [20, 0, 0],
						"1.8": [30, 0, 0],
						"2.0": [20, 0, 0],
						"2.2": [10, 0, 0],
						"2.4": [0, 0, 0]
					}
				},
				"rightLeg": {
					"rotation": {
						"0.0": [0, 0, 0],
						"0.2": [10, 0, 0],
						"0.4": [20, 0, 0],
						"0.6": [30, 0, 0],
						"0.8": [20, 0, 0],
						"1.0": [10, 0, 0],
						"1.2": [0, 0, 0],
						"1.4": [-10, 0, 0],
						"1.6": [-20, 0, 0],
						"1.8": [-30, 0, 0],
						"2.0": [-20, 0, 0],
						"2.2": [-10, 0, 0],
						"2.4": [0, 0, 0]
					}
				},
				"head": {
					"rotation": {
						"0.3167": [0, 0, 0],
						"0.7167": [0, -90, 0],
						"1.1167": [0, -180, 0],
						"1.7167": [0, -270, 0],
						"2.1167": [0, -360, 0]
					}
				}
			}
		}
	}
}