{
  "format_version": "1.10.0",
  "minecraft:client_entity": {
    "description": {
      "identifier": "zord:wrecker",
      "materials": {
        "default": "entity_alphatest",
        "cape": "entity_alphatest",
        "animated": "player_animated"
      },
      "textures": {
        "default": "textures/entity/zord_wrecker",
        "cape": "textures/entity/zord_wrecker"
      },
      "geometry": {
        "default": "geometry.wrecker",
        "cape": "geometry.wrecker"
      },
      "scripts": {
        "scale": "0.9375",
        "initialize": [
          "variable.is_holding_right \u003d 0.0;",
          "variable.is_blinking \u003d 0.0;",
          "variable.last_blink_time \u003d 0.0;",
          "variable.hand_bob \u003d 0.0;"
        ],
        "pre_animation": [
          "variable.helmet_layer_visible \u003d 1.0;",
          "variable.leg_layer_visible \u003d 1.0;",
          "variable.boot_layer_visible \u003d 1.0;",
          "variable.chest_layer_visible \u003d 1.0;",
          "variable.attack_body_rot_y \u003d Math.sin(360*Math.sqrt(variable.attack_time)) * 5.0;",
          "variable.tcos0 \u003d (math.cos(query.modified_distance_moved * 38.17) * query.modified_move_speed / variable.gliding_speed_value) * 57.3;",
          "variable.first_person_rotation_factor \u003d math.sin((1 - variable.attack_time) * 180.0);",
          "variable.hand_bob \u003d query.life_time \u003c 0.01 ? 0.0 : variable.hand_bob + ((query.is_on_ground \u0026\u0026 query.is_alive ? math.clamp(math.sqrt(math.pow(query.position_delta(0), 2.0) + math.pow(query.position_delta(2), 2.0)), 0.0, 0.1) : 0.0) - variable.hand_bob) * 0.02;",
          "variable.map_angle \u003d math.clamp(1 - variable.player_x_rotation / 45.1, 0.0, 1.0);",
          "variable.item_use_normalized \u003d query.main_hand_item_use_duration / query.main_hand_item_max_duration;"
        ],
        "animate": [
          "root"
        ]
      },
      "animations": {
        "root": "controller.animation.player.root",
        "base_controller": "controller.animation.player.base",
        "look_at_target_default": "animation.humanoid.look_at_target.default",
        "cape": "animation.player.cape",
        "move.arms": "animation.player.move.arms",
        "riding.arms": "animation.player.riding.arms",
        "attack.positions": "animation.player.attack.positions",
        "attack.rotations": "animation.player.attack.rotations"
      },
      "render_controllers": [
        {
          "controller.render.player.first_person": "variable.is_first_person"
        },
        {
          "controller.render.player.third_person": "!variable.is_first_person \u0026\u0026 !variable.map_face_icon"
        },
        {
          "controller.render.player.map": "variable.map_face_icon"
        }
      ],
      "spawn_egg": {
        "texture": "zord:wrecker",
        "texture_index": 0
      },
      "enable_attachables": true
    }
  }
}